geocoded_address,hhs_id,ccn,facility_name,address,city,zip,fips_code,state,geohash,geocoded_hospital_address
POINT (-134.465047 58.328624),,,,,,,,,,
POINT (-87.866268 30.657051),,,,,,,,,,
POINT (-86.77556 33.46349),,,,,,,,,,
POINT (-86.800882 33.504615),,,,,,,,,,
POINT (-86.786134 33.365751),,,,,,,,,,
POINT (-85.439972 32.605612),,,,,,,,,,
POINT (-85.404324 32.638032),,,,,,,,,,
POINT (-86.572527 34.692379),,,,,,,,,,
POINT (-87.836677 32.503688),,,,,,,,,,
POINT (-86.246393 32.378893),,,,,,,,,,
POINT (-86.254598 33.164666),,,,,,,,,,
POINT (-85.968394 32.93103),,,,,,,,,,
POINT (-87.596099 33.27226),,,,,,,,,,
POINT (-87.589857 34.241718),,,,,,,,,,
POINT (-91.939011 33.137339),,,,,,,,,,
POINT (-92.395905 36.343067),C04T027-A,04T027,Baxter Regional Medical Center - Rehab,624 HOSPITAL DRIVE,MOUNTAIN HOME,72653.0,5005.0,AR,"36.342934,-92.39748",POINT (-92.395905 36.343067)
POINT (-93.107153 36.236124),,,,,,,,,,
POINT (-90.635674 35.864196),,,,,,,,,,
POINT (-90.703102 35.838397),,,,,,,,,,
POINT (-92.983934 34.576689),,,,,,,,,,
POINT (-93.14102 34.467447),,,,,,,,,,
POINT (-91.6311 35.769537),,,,,,,,,,
POINT (-91.634368 35.769566),,,,,,,,,,
POINT (-92.026468 34.201824),,,,,,,,,,
POINT (-93.72501 35.29204),,,,,,,,,,
POINT (-93.534275 34.328645),,,,,,,,,,
POINT (-94.251291 34.570331),,,,,,,,,,
POINT (-92.394431 34.73916),,,,,,,,,,
POINT (-92.3813 34.745758),,,,,,,,,,
POINT (-92.3678 34.743601),,,,,,,,,,
POINT (-92.338251 34.750183),,,,,,,,,,
POINT (-92.321037 34.751585),,,,,,,,,,
POINT (-92.140372 34.734066),,,,,,,,,,
POINT (-90.996348 36.289922),,,,,,,,,,
POINT (-92.593674 34.563662),,,,,,,,,,
POINT (-94.353957 35.354072),,,,,,,,,,
POINT (-94.357178 34.046177),,,,,,,,,,
POINT (-94.157859 36.11091),,,,,,,,,,
,C474001-A,474001,BRATTLEBORO RETREAT,ANNA MARSH LANE PO BOX 803,BRATTLEBORO,5301.0,50025.0,VT,"42.8594242,-72.5622812",
,C040161-A,040161,Arkansas Heart Hospital Encore Medical Center,1901 ENCORE WAY,BRYANT,72022.0,5125.0,AR,"34.61304,-92.520969",
,C141346-A,141346,Fayette County Hospital,7TH AND TAYLOR,VANDALIA,62471.0,17051.0,IL,"38.97,-89.11",
,C38003F-A,38003F,PORTLAND VA MEDICAL CENTER,SAM JACKSON PARK RD,PORTLAND,97207.0,41051.0,OR,"45.520319,-122.68742",
,C021305-A,021305,Wrangell Medical Center,232 WOOD STREET,WRANGELL,99929.0,2280.0,AK,"56.4630577,-132.3755127",
,C160089-A,160089,OTTUMWA REGIONAL HEALTH CENTER,1001 E PENNSYLVANIA,OTTUMWA,52501.0,19179.0,IA,"41.028801,-92.390003",
,C021309-A,021309,Kanakanak Hospital,P O BOX 130,DILLINGHAM,99576.0,2070.0,AK,"59.08,-158.59",
,C041324-A,041324,CHI St Vincent Morrilton,#4 HOSPITAL DRIVE,MORRILTON,72110.0,5029.0,AR,"35.16599,-92.72009",
,C171304-A,171304,Ashland Health Center,625 SOUTH KENTUCKY,ASHLAND,67831.0,20025.0,KS,"37.19215,-99.77874",
,C360364-A,360364,Avon Hospital,33300 CLEVELAND CLINIC BLVD,AVON,44011.0,39093.0,OH,"41.46147,-82.04185",
,C180027-A,180027,MURRAY CALLOWAY COUNTY HOSPITAL,42071,MURRAY,42071.0,21035.0,KY,"36.62,-88.32",
,C103304-A,103304,Nemours Childrens Hospital,6535 NEMOURS PKWY,ORLANDO,32827.0,12095.0,FL,"28.376656,-81.273417",
,C441313-A,441313,Hancock County Hospital (FKA Wellmont Hancock County Hospital),1519 MAIN STREET HWY 33,SNEEDVILLE,37869.0,47067.0,TN,"36.53268,-83.2145",
,C262020-A,262020,Landmark Hospital of Columbia,604 OLD HIGHWAY 63 NORTH,COLUMBIA,65201.0,29019.0,MO,"38.958024,-92.311297",
,C290057-A,290057,HENDERSON HOSPITAL,1050 WEST GALLERIA DRIVE,HENDERSON,89011.0,32003.0,NV,"36.072739,-115.030688",
,C050291-A,050291,Sutter Santa Rosa Regional Hospital (FKA Sutter Medical Center of Santa Rosa),30 MARK WEST SPRINGS ROAD,SANTA ROSA,95403.0,6097.0,CA,"38.495149,-122.752092",
,C194089-A,194089,Genesis Behavioral Hospital,606 LATIOLAIS ROAD,BREAUX BRIDGE,70517.0,22099.0,LA,"30.292922,-91.906138",
,C072003-A,072003,Gaylord Hospital (AKA Gaylord Specialty Healthcare),GAYLORD FARM RD,WALLINGFORD,6492.0,9009.0,CT,"41.474158,-72.85869385",
,C451364-A,451364,Otto Kaiser Memorial Hospital,3349 S HIGHWAY 181,KENEDY,78119.0,48255.0,TX,"28.849428,-97.879182",
,C400126-A,400126,HOSPITAL METROPOLITANO SAN GERMAN,CALLE JAVILLA  #8 AL COSTADO PARQUE DE BOMBAS,SAN GERMAN,683.0,72125.0,PR,"18.081308,-67.039514",
,C281326-A,281326,Antelope Memorial Hospital,"P O BOX 229, 102 WEST 9TH ST",NELIGH,68756.0,31003.0,NE,"42.132881,-98.044344",
,C403301-A,403301,UNIVERSITY PEDIATRIC HOSPITAL,PUERTO RICO MEDICAL CENTER IN RIO PIEDRAS,SAN JUAN,935.0,72127.0,PR,"18.3744,-66.0571",
,C050103-A,050103,Adventist Health White Memorial (FKA White Memorial Medical Center),1720 E CESAR AVENUE,LOS ANGELES,90033.0,6037.0,CA,"34.05084,-118.21702",
,C260214-A,260214,Belton Regional Medical Center (FKA Research Belton Hospital),17065 S 71 HIGHWAY,BELTON,64012.0,29037.0,MO,"38.812666,-94.503162",
,H000063,,HOSPITAL INDUSTRIAL C F S E,PASEO DR. JOSE CELSO BARBOSA,SAN JUAN,921.0,72127.0,PR,"18.39716,-66.075098",
,C500051-A,500051,Overlake Hospital Medical Center (AKA Overlake Medical Center),1035-116TH AVE NE,BELLEVUE,98004.0,53033.0,WA,"47.621445,-122.18779",
,C310011-A,310011,Cape Regional Health System (AKA Cape Regional Medical Center),TWO STONE HARBOR BLVD,CAPE MAY COURT HOUSE,8210.0,34009.0,NJ,"39.060978,-74.750569",
,C452108-A,452108,Kindred Hospital Dallas Central,8050 MEADOWS ROAD,DALLAS,75231.0,48113.0,TX,"32.886963,-96.767638",
,C344027-A,344027,RJ Blackley Alcohol and Drug Abuse Treatment Center,"BLDG 29, 30 BARRETT BLDG, 100 H STREET",BUTNER,27509.0,37077.0,NC,"36.137296,-78.775962",
,C330385-A,330385,NYC Health and Hospitals - North Central Bronx (FKA North Central Bronx Hospital),3424 KOSSUTH AVENUE & 210TH STREET,BRONX,10467.0,36005.0,NY,"40.88043,-73.881309",
,C400135-A,400135,HOSPITAL DEL CENTRO COMPRENSIVO DE CANCER,PR 21 INT PR 18 BO MONACILLOS URBANO,SAN JUAN,927.0,72127.0,PR,"18.3744,-66.0571",
,C281354-A,281354,CRETE AREA MEDICAL CENTER,"P O BOX 220, 2910 BETTEN DR",CRETE,68333.0,31151.0,NE,"40.641439,-96.935326",
,C261318-A,261318,Salem Memorial District Hospital,"PO BOX 774,",SALEM,65560.0,29065.0,MO,"37.63,-91.53",
,C234025-A,234025,Caro Center,"2000 CHAMBERS, BOX A",CARO,48723.0,26157.0,MI,"43.450507,-83.441855",
,C010012-A,010012,DeKalb Regional Medical Center,200 MED CENTER DRIVE,FORT PAYNE,35968.0,1049.0,AL,"34.44,-85.75",
,C020018-C,020018,Emmonak Subregional Clinic,"YKHC, 700 CHIEF EDDY HOFFMAN HIGHWAY",BETHEL,99559.0,2050.0,AK,"60.8,-161.77",
,C140012-A,140012,Katherine Shaw Bethea Hospital,403 E 1ST ST,DIXON,61021.0,17103.0,IL,"41.844645,-89.479974",
,C030074-A,030074,Sells Indian Hospital,"HIGHWAY 86, AT TOPAWA ROAD",SELLS,85634.0,4019.0,AZ,"31.92,-111.88",
,C161377-A,161377,MERCYONE CENTERVILLE MEDICAL CENTER,ONE ST JOSEPH'S DRIVE,CENTERVILLE,52544.0,19007.0,IA,"40.7523574,-92.8578264",
,C100183-A,100183,Coral Gables Hospital,3100 DOUGLAS RD,CORAL GABLES,33134.0,12086.0,FL,"25.743634,-80.25496",
,C143029-A,143029,ANDERSON REHABILITATION INSTITUTE,3402 ANDERSON HEALTHCARE DR,EDWARDSVILLE,62025.0,17119.0,IL,"38.79644,-89.91904",
,C320060-A,320060,Zuni Comprehensive Health Center,ROUTE 301 NORTH B STREET,ZUNI,87327.0,35031.0,NM,"35.0804903,-108.8036139",
,C400048-A,400048,Mennonite Hospital Guayama (FKA Episcopal Hospital San Lucas Guayama),AVE. PEDRO ALBIZU CAMPOS URB. LA HACIENDA,GUAYAMA,785.0,72059.0,PR,"17.9716529,-66.087787",
,C451318-A,451318,STONEWALL MEMORIAL HOSPITAL,821 NORTH BROADWAY,ASPERMONT,79502.0,48433.0,TX,"33.150522,-100.229136",
,C263033-A,263033,Landmark Rehabilitation Hospital of Columbia,"604 OLD N 63, SUITE 101",COLUMBIA,65201.0,29019.0,MO,"38.95759,-92.31184",
,C154021-A,154021,Grant Blackford Mental Health (AKA Cornerstone Behavioral Health),505 WABASH AVE,MARION,46952.0,18053.0,IN,"40.567009,-85.668078",
,C291314-A,291314,SOUTH LYON MEDICAL CENTER,213 S WHITACRE/PO BOX 940,YERINGTON,89447.0,32019.0,NV,"38.984084,-119.167375",
,C400115-A,400115,Wilma N Vazquez Medical Center,CARR. 2 KM 39.5    ROAD NUMBER 2 BO ALGARROBO,VEGA BAJA,693.0,72145.0,PR,"18.45,-66.4",
,C281300-A,281300,Harlan County Health System,"P O BOX 836, 717 BROWN ST",ALMA,68920.0,31083.0,NE,"40.10495,-99.36522",
,C171303-A,171303,Lane County Hospital,235 WEST VINE  PO BOX 969,DIGHTON,67839.0,20101.0,KS,"38.480152,-100.469193",
,C150051-A,150051,IU Health Bloomington Hospital,2651 EAST DISCOVERY PARKWAY,BLOOMINGTON,47408.0,18105.0,IN,"39.21417,-86.48471",
,C330198-A,330198,Mount Sinai South Nassau (FKA South Nassau Communities Hospital),ONE HEALTHY WAY,OCEANSIDE,11572.0,36059.0,NY,"40.650638,-73.629571",
,C250127-A,250127,Choctaw Health Center,ROUTE 7 BOX R50,PHILADELPHIA,39350.0,28099.0,MS,"32.77,-89.11",
,C270074-A,270074,Blackfeet Service Unit (AKA Blackfeet Community Hospital),"760 HOSPITAL CIRCLE, POST OFFICE BOX 760",BROWNING,59417.0,30035.0,MT,"48.565612,-113.019656",
,C400102-A,400102,Doctors Center Hospital Bayamon,9 J STREET EXT HERMANAS DAVILA,BAYAMON,959.0,72021.0,PR,"18.37,-66.14",
,C451309-A,451309,McCamey County Hospital District,2500 HWY 305 SOUTH,MCCAMEY,79752.0,48461.0,TX,"31.164443,-102.259393",
,C100109-B,100109,AdventHealth Sebring (FKA Florida Hospital Heartland Medical Center),4200 SUN N LAKE BLVD,SEBRING,33871.0,12055.0,FL,"27.495281,-81.44111",
,C371342-A,371342,McCurtain Memorial Hospital,1301 LINCOLN ROAD,IDABEL,74745.0,40089.0,OK,"33.882875,-94.810991",
,C232021-A,232021,Select Specialty Hospital - Muskegon (FKA Great Lakes Specialty Hospital - Hackley),"1700 CLINTON STREET, 2 SOUTH AND 3 SOUTH FLOORS",MUSKEGON,49442.0,26121.0,MI,"43.22065,-86.24295",
,C400112-A,400112,University of Puerto Rico Hospital,CARR 3 KM 8 3 AVE 65TH INFANTERIA,CAROLINA,984.0,72031.0,PR,"18.3758,-65.9579",
,C230277-A,230277,DMC Huron Valley-Sinai Hospital,ONE WILLIAM CARLS DRIVE,COMMERCE TOWNSHIP,48382.0,26125.0,MI,"42.5902908,-83.50153686",
,C241300-A,241300,Mahnomen Health Center,414 W JEFFERSON PO BOX 396,MAHNOMEN,56557.0,27087.0,MN,"47.310968,-95.973211",
,C373036-A,373036,Mercy Rehabilitation Hospital Oklahoma City South,7900 MID-AMERICA BLVD,MIDWEST CITY,73135.0,40109.0,OK,"35.387916,-97.41182",
,C281309-A,281309,SYRACUSE AREA HEALTH,2731 HEALTHCARE DR,SYRACUSE,68446.0,31131.0,NE,"40.676739,-96.181502",
,C420106-A,420106,Prisma Health Baptist Parkridge Hospital (FKA Palmetto Health Baptist Parkridge),400 PALMETTO HEALTH PARKWAY,COLUMBIA,29212.0,45063.0,SC,"34.088587,-81.161374",
,C320091-A,320091,Three Crosses Regional Hospital LLC,2560 SAMARITAN DRIVE,LAS CRUCES,88001.0,35013.0,NM,"32.33496,-106.776442",
,C350006-C,,TRINITY HOSPITAL,ONE WEST BURDICK EXPRESSWAY,MINOT,58701.0,38101.0,ND,"48.232636,-101.2938045",
,C281364-A,281364,BEATRICE COMMUNITY HOSPITAL   HEALTH CENTER,"P O BOX 278, 4800 HOSPITAL PARKWAY",BEATRICE,68310.0,31067.0,NE,"40.319384,-96.74896",
,C33024F-A,33024F,SYRACUSE VA MEDICAL CENTER,IRVING AVE + UNIVERSITY PLACE,SYRACUSE,13210.0,36067.0,NY,"43.041193,-76.1375355621622",
,C431319-A,431319,Philip Health Services,503 W PINE  POST OFFICE BOX 790,PHILIP,57567.0,46055.0,SD,"43.99373,-101.79278",
,C171364-A,171364,Osborne County Memorial Hospital,237 W HARRISON STREET SUITE 100,OSBORNE,67473.0,20141.0,KS,"39.450701,-98.699323",
,C254010-A,254010,Mississippi State Hospital,3550 HIGHWAY 468 WEST / PO BOX 157-A,WHITFIELD,39193.0,28121.0,MS,"32.24252,-90.073904",
,C400122-A,400122,PROFESSIONAL HOSPITAL GUAYNABO INC,8 AVE LAS CUMBRES,GUAYNABO,969.0,72061.0,PR,"18.36727,-66.10366",
,C334054-A,334054,Manhattan Psychiatric Center,WARD'S ISLAND,NEW YORK,10035.0,36061.0,NY,"40.786562,-73.9285325",
,C150069-A,150069,Kings Daughters Health,1373 EAST SR 62,MADISON,47250.0,18077.0,IN,"38.85322,-85.3325",
,C400021-A,400021,Hospital De La Concepcion,ROAD NUMBER 2 KM 173.4 CAIN ALTO,SAN GERMAN,683.0,72125.0,PR,"18.08,-67.05",
,C280119-A,280119,Twelve Clans Unity Hospital (FKA Winnebago Service Unit Winnebago Hospital),HWY 77-75,WINNEBAGO,68071.0,31173.0,NE,"42.23,-96.47",
,C394023-A,394023,Belmont Behavioral Hospital,4200 MONUMENT AVENUE,PHILADELPHIA,19131.0,42101.0,PA,"40.000084,-75.214713",
,C332006-A,332006,ArchCare at Calvary Hospital - Bronx Campus,1740 - 70 EASTCHESTER R0AD,BRONX,10461.0,36005.0,NY,"40.84721,-73.84465",
POINT (-91.732412 35.233805),,,,,,,,,,
POINT (-114.30135 34.146493),C031307-A,031307,Parker Indian Health Center,12033 AGENCY ROAD,PARKER,85344.0,4012.0,AZ,"34.146722,-114.297334",POINT (-114.30135 34.146493)
POINT (-111.873507 33.298691),,,,,,,,,,
POINT (-112.179439 33.610734),,,,,,,,,,
POINT (-111.977795 33.582143),,,,,,,,,,
POINT (-112.058056 33.465724),C030002-A,030002,Banner - University Medical Center Phoenix (FKA Banner Good Samaritan Medical Center),1111 EAST MCDOWELL ROAD,PHOENIX,85006.0,4013.0,AZ,"33.464312,-112.058803",POINT (-112.058056 33.465724)
POINT (-112.047612 33.497163),,,,,,,,,,
POINT (-112.079431 33.480298),C032001-A,032001,Select Specialty Hospital - Phoenix,"350 WEST THOMAS ROAD, 3RD FLOOR",PHOENIX,85013.0,4013.0,AZ,"33.482124,-112.080558",POINT (-112.079431 33.480298)
POINT (-112.066252 33.494747),C03012F-A,03012F,PHOENIX VA MEDICAL CENTER,650 EAST INDIAN SCHOOL RD,PHOENIX,85012.0,4013.0,AZ,"33.496963,-112.066784",POINT (-112.066252 33.494747)
POINT (-111.790095 33.582481),,,,,,,,,,
POINT (-111.922944 33.48764),,,,,,,,,,
POINT (-111.864431 33.487763),,,,,,,,,,
POINT (-111.947798 33.399825),,,,,,,,,,
POINT (-114.035814 35.219919),,,,,,,,,,
POINT (-113.419843 35.538033),,,,,,,,,,
POINT (-109.959764 33.875935),,,,,,,,,,
POINT (-110.892634 32.241877),,,,,,,,,,
POINT (-110.887128 32.535902),,,,,,,,,,
POINT (-110.880223 32.25075),,,,,,,,,,
POINT (-110.96828 32.181307),,,,,,,,,,
POINT (-111.759025 33.074121),,,,,,,,,,
POINT (-121.975675 37.550864),,,,,,,,,,
POINT (-122.263661 37.820848),,,,,,,,,,
POINT (-122.231125 37.79922),,,,,,,,,,
POINT (-122.267901 37.837309),,,,,,,,,,
POINT (-121.880027 37.692133),,,,,,,,,,
POINT (-122.169447 37.706524),,,,,,,,,,
POINT (-121.849291 39.742509),,,,,,,,,,
POINT (-122.130891 38.006467),,,,,,,,,,
POINT (-122.030096 37.927866),,,,,,,,,,
POINT (-122.04357 37.913222),,,,,,,,,,
POINT (-122.057943 37.891512),,,,,,,,,,
POINT (-124.194244 41.772699),,,,,,,,,,
POINT (-119.782839 36.742712),,,,,,,,,,
POINT (-119.765891 36.837102),,,,,,,,,,
POINT (-124.092986 40.896872),,,,,,,,,,
POINT (-124.142039 40.783103),,,,,,,,,,
POINT (-115.554051 32.95995),,,,,,,,,,
POINT (-115.56862 32.781498),,,,,,,,,,
POINT (-118.982482 35.397445),,,,,,,,,,
POINT (-122.917929 39.034641),,,,,,,,,,
POINT (-117.984617 34.064672),,,,,,,,,,
POINT (-118.327825 34.157613),,,,,,,,,,
POINT (-118.128571 33.9171),,,,,,,,,,
POINT (-117.970933 34.132227),,,,,,,,,,
POINT (-118.297471 33.787562),,,,,,,,,,
POINT (-118.347779 33.949085),,,,,,,,,,
POINT (-118.158677 34.689372),,,,,,,,,,
POINT (-118.185097 33.807214),C05T485-A,05T485,Memorial Rehabilitation Hospital,2801 ATLANTIC AVENUE,LONG BEACH,90806.0,6037.0,CA,"33.807598,-118.187199",POINT (-118.185097 33.807214)
POINT (-118.185097 33.807214),C053309-A,053309,Miller Childrens & Womens Hospital Long Beach,2801 ATLANTIC AVENUE,LONG BEACH,90806.0,6037.0,CA,"33.807598,-118.187199",POINT (-118.185097 33.807214)
POINT (-118.217347 34.051079),,,,,,,,,,
POINT (-118.290733 34.098146),,,,,,,,,,
POINT (-118.265524 34.036963),,,,,,,,,,
POINT (-118.203234 34.062168),,,,,,,,,,
POINT (-118.294863 34.098138),,,,,,,,,,
POINT (-118.208972 34.06077),,,,,,,,,,
POINT (-118.244364 33.924351),,,,,,,,,,
POINT (-118.449651 34.324104),,,,,,,,,,
POINT (-118.447562 34.066609),,,,,,,,,,
POINT (-118.063941 33.923591),,,,,,,,,,
POINT (-118.430085 34.21985),,,,,,,,,,
POINT (-118.151875 34.135762),,,,,,,,,,
POINT (-117.752322 34.077585),,,,,,,,,,
POINT (-118.478333 34.030048),,,,,,,,,,
POINT (-118.293521 33.831583),,,,,,,,,,
POINT (-118.588183 34.171949),C050677-A,050677,Kaiser Permanente - Woodland Hills Medical Center,5601 DE SOTO AVENUE,WOODLAND HILLS,91367.0,6037.0,CA,"34.170993,-118.589741",POINT (-118.588183 34.171949)
POINT (-119.800266 36.884502),,,,,,,,,,
POINT (-122.533299 37.943518),,,,,,,,,,
POINT (-122.537043 37.944899),,,,,,,,,,
POINT (-122.553908 38.004363),,,,,,,,,,
POINT (-123.203791 39.152982),,,,,,,,,,
POINT (-122.273403 38.277003),,,,,,,,,,
POINT (-122.475344 38.54196),C050013-A,050013,Adventist Health St Helena (FKA St Helena Hospital - Napa Valley),10 WOODLAND ROAD,SAINT HELENA,94574.0,6055.0,CA,"38.542181,-122.475124",POINT (-122.475344 38.54196)
POINT (-117.956107 33.701659),,,,,,,,,,
POINT (-117.927836 33.893507),,,,,,,,,,
POINT (-117.708043 33.608376),,,,,,,,,,
POINT (-117.666045 33.560152),,,,,,,,,,
POINT (-117.931415 33.625136),,,,,,,,,,
POINT (-117.865553 33.780332),,,,,,,,,,
POINT (-117.864861 33.782363),,,,,,,,,,
POINT (-117.890716 33.78867),,,,,,,,,,
POINT (-121.098838 38.934839),,,,,,,,,,
POINT (-116.828962 33.953645),,,,,,,,,,
POINT (-116.233883 33.706235),,,,,,,,,,
POINT (-116.510599 33.826913),,,,,,,,,,
POINT (-116.545598 33.838662),,,,,,,,,,
POINT (-116.408082 33.763494),,,,,,,,,,
POINT (-121.392891 38.507195),,,,,,,,,,
POINT (-121.469624 38.570243),,,,,,,,,,
POINT (-121.457535 38.554375),,,,,,,,,,
POINT (-121.386336 36.835109),,,,,,,,,,
POINT (-117.352833 34.072959),,,,,,,,,,
POINT (-117.433458 34.072271),C050140-B,050140,Kaiser Permanente - Fontana Medical Center,9961 SIERRA AVE,FONTANA,92335.0,6071.0,CA,"34.07225,-117.431973",POINT (-117.433458 34.072271)
POINT (-117.26568 34.049577),,,,,,,,,,
POINT (-117.61096 34.032551),,,,,,,,,,
POINT (-117.219827 34.135867),,,,,,,,,,
POINT (-117.206414 34.038404),,,,,,,,,,
POINT (-117.637034 34.101004),,,,,,,,,,
POINT (-117.297324 34.470905),C050709-A,050709,Desert Valley Hospital,16850 BEAR VALLEY RD,VICTORVILLE,92395.0,6071.0,CA,"34.472514,-117.298057",POINT (-117.297324 34.470905)
POINT (-117.29019 33.183869),,,,,,,,,,
POINT (-117.15417 32.800255),,,,,,,,,,
POINT (-117.125053 32.831376),,,,,,,,,,
POINT (-117.150793 32.798073),,,,,,,,,,
POINT (-117.207551 32.888565),,,,,,,,,,
POINT (-117.16601 32.753714),,,,,,,,,,
POINT (-122.440565 37.783238),,,,,,,,,,
POINT (-122.45772 37.763535),,,,,,,,,,
POINT (-122.406522 37.755332),,,,,,,,,,
POINT (-120.643647 35.460186),,,,,,,,,,
POINT (-120.665543 35.290961),,,,,,,,,,
POINT (-120.666889 35.251126),,,,,,,,,,
POINT (-120.666151 35.269535),,,,,,,,,,
POINT (-122.224233 37.489651),,,,,,,,,,
POINT (-122.299415 37.530112),,,,,,,,,,
POINT (-119.723112 34.429451),,,,,,,,,,
POINT (-119.758429 34.44222),,,,,,,,,,
POINT (-120.414667 34.952072),,,,,,,,,,
POINT (-122.17514 37.437397),,,,,,,,,,
POINT (-122.141712 37.402819),,,,,,,,,,
POINT (-121.800537 37.239389),,,,,,,,,,
POINT (-121.931903 37.314046),,,,,,,,,,
POINT (-121.995768 37.335542),,,,,,,,,,
POINT (-122.176664 37.433138),,,,,,,,,,
POINT (-121.983612 36.988413),,,,,,,,,,
POINT (-121.980777 36.990243),,,,,,,,,,
POINT (-122.396563 40.572571),,,,,,,,,,
POINT (-122.0476 38.261104),,,,,,,,,,
POINT (-122.726961 38.470331),,,,,,,,,,
POINT (-122.465851 38.288564),,,,,,,,,,
POINT (-120.993987 37.666791),,,,,,,,,,
POINT (-119.149378 34.217753),,,,,,,,,,
POINT (-119.158248 34.217127),,,,,,,,,,
POINT (-119.257324 34.274574),,,,,,,,,,
POINT (-119.222628 34.257687),,,,,,,,,,
POINT (-104.835018 39.741635),,,,,,,,,,
POINT (-104.840718 39.741362),,,,,,,,,,
POINT (-104.831002 39.743609),,,,,,,,,,
POINT (-107.322794 39.532859),,,,,,,,,,
POINT (-104.98511 39.913465),,,,,,,,,,
POINT (-105.063927 39.859353),,,,,,,,,,
POINT (-105.883712 37.472352),,,,,,,,,,
POINT (-105.88281 37.472925),,,,,,,,,,
POINT (-107.077219 37.252776),,,,,,,,,,
POINT (-105.236337 40.014808),,,,,,,,,,
POINT (-105.263023 40.018589),,,,,,,,,,
POINT (-105.094576 39.926703),,,,,,,,,,
POINT (-105.086 39.967819),,,,,,,,,,
POINT (-105.082979 39.970623),,,,,,,,,,
POINT (-105.060839 40.159147),,,,,,,,,,
POINT (-106.007505 38.54299),,,,,,,,,,
POINT (-108.047515 38.743166),,,,,,,,,,
POINT (-104.903597 39.781297),,,,,,,,,,
POINT (-104.894587 39.717574),,,,,,,,,,
POINT (-105.033616 39.642267),C064003-A,064003,Colorado Mental Health Institute Fort Logan,3520 W OXFORD AVE,DENVER,80236.0,8031.0,CO,"39.641902,-105.03396",POINT (-105.033616 39.642267)
POINT (-104.959471 39.720102),,,,,,,,,,
POINT (-104.896096 39.723391),,,,,,,,,,
POINT (-104.992858 39.728736),,,,,,,,,,
POINT (-104.942461 39.7392),,,,,,,,,,
POINT (-104.973482 39.670627),,,,,,,,,,
POINT (-104.967175 39.746089),,,,,,,,,,
POINT (-104.909098 39.67845),,,,,,,,,,
POINT (-104.972135 39.745722),,,,,,,,,,
POINT (-104.979375 39.653156),,,,,,,,,,
POINT (-104.978282 39.650294),,,,,,,,,,
POINT (-104.872929 39.527909),,,,,,,,,,
POINT (-106.382866 39.642949),,,,,,,,,,
POINT (-104.799951 38.838812),,,,,,,,,,
POINT (-104.754106 38.965937),,,,,,,,,,
POINT (-105.229772 38.455749),,,,,,,,,,
POINT (-106.924322 38.551636),C061320-A,061320,Gunnison Valley Health,711 N TAYLOR ST,GUNNISON,81230.0,8051.0,CO,"38.551591,-106.924938",POINT (-106.924322 38.551636)
POINT (-105.174626 39.80293),,,,,,,,,,
POINT (-105.093382 39.738398),,,,,,,,,,
POINT (-105.133071 39.712033),,,,,,,,,,
POINT (-105.088645 39.765883),,,,,,,,,,
POINT (-105.089291 39.769328),,,,,,,,,,
POINT (-105.514088 40.372259),,,,,,,,,,
POINT (-105.010885 40.521117),,,,,,,,,,
POINT (-105.0935 40.555536),,,,,,,,,,
POINT (-105.031843 40.521993),,,,,,,,,,
POINT (-105.053604 40.413212),,,,,,,,,,
POINT (-105.001451 40.415194),,,,,,,,,,
POINT (-103.220685 40.61368),,,,,,,,,,
POINT (-108.736862 39.164335),,,,,,,,,,
POINT (-108.561457 39.090645),,,,,,,,,,
POINT (-104.715889 38.940256),,,,,,,,,,
POINT (-108.572739 37.362097),,,,,,,,,,
POINT (-107.86879 38.480897),,,,,,,,,,
POINT (-103.649641 40.254733),,,,,,,,,,
POINT (-102.609068 38.070915),,,,,,,,,,
POINT (-108.800657 40.08321),,,,,,,,,,
POINT (-106.814412 40.462418),,,,,,,,,,
POINT (-104.709429 40.413834),,,,,,,,,,
POINT (-102.73698 40.118445),,,,,,,,,,
POINT (-73.553932 41.054692),,,,,,,,,,
POINT (-72.935261 41.676015),,,,,,,,,,
POINT (-72.79582 41.73509),,,,,,,,,,
POINT (-72.682771 41.753822),,,,,,,,,,
POINT (-72.680184 41.755412),,,,,,,,,,
POINT (-72.525161 41.781094),,,,,,,,,,
POINT (-72.647938 41.55479),,,,,,,,,,
POINT (-73.088689 41.335978),,,,,,,,,,
POINT (-77.050119 38.901169),,,,,,,,,,
POINT (-77.021896 38.916966),C090003-A,090003,Howard University Hospital,2041 GEORGIA AVE NW,WASHINGTON,20060.0,11001.0,DC,"38.916821,-77.02191",POINT (-77.021896 38.916966)
POINT (-77.074388 38.912599),,,,,,,,,,
POINT (-77.012268 38.929157),,,,,,,,,,
POINT (-77.10894 38.935747),,,,,,,,,,
POINT (-76.983556 38.835058),,,,,,,,,,
POINT (-75.605235 39.738795),,,,,,,,,,
POINT (-82.343465 29.639183),C100113-A,100113,UF Health Shands Hospital (FKA Shands at the University of Florida),1600 SW ARCHER RD,GAINESVILLE,32608.0,12001.0,FL,"29.6388,-82.34473",POINT (-82.343465 29.639183)
POINT (-82.345877 29.638215),,,,,,,,,,
POINT (-80.254158 26.268235),,,,,,,,,,
POINT (-80.120719 26.275137),,,,,,,,,,
POINT (-80.108043 26.206937),,,,,,,,,,
POINT (-80.288048 26.031708),,,,,,,,,,
POINT (-80.178819 26.019559),,,,,,,,,,
POINT (-80.17997 26.003051),,,,,,,,,,
POINT (-80.178865 26.018262),,,,,,,,,,
POINT (-80.309457 26.013281),C100281-A,100281,Memorial Hospital West,703 N FLAMINGO RD,PEMBROKE PINES,33028.0,12011.0,FL,"26.01,-80.34",POINT (-80.309457 26.013281)
POINT (-80.36461 26.08096),,,,,,,,,,
POINT (-81.515921 30.215821),,,,,,,,,,
POINT (-87.231938 30.428669),,,,,,,,,,
POINT (-82.511481 28.040079),,,,,,,,,,
POINT (-82.459297 27.937291),,,,,,,,,,
POINT (-80.396876 27.658443),,,,,,,,,,
POINT (-84.261393 30.455974),,,,,,,,,,
POINT (-82.137838 29.174636),,,,,,,,,,
POINT (-80.243058 27.199467),,,,,,,,,,
POINT (-80.143739 25.970962),,,,,,,,,,
POINT (-80.341967 25.805111),,,,,,,,,,
POINT (-80.339257 25.687775),,,,,,,,,,
POINT (-80.214946 25.790644),,,,,,,,,,
POINT (-80.295178 25.742578),,,,,,,,,,
POINT (-80.21493 25.78821),,,,,,,,,,
POINT (-81.538151 28.649092),,,,,,,,,,
POINT (-81.281899 28.539236),,,,,,,,,,
POINT (-80.204883 26.650806),,,,,,,,,,
POINT (-80.107329 26.784077),,,,,,,,,,
POINT (-82.529686 27.318219),,,,,,,,,,
POINT (-83.681431 32.892836),,,,,,,,,,
POINT (-83.636553 32.833202),,,,,,,,,,
POINT (-81.101394 32.028299),,,,,,,,,,
POINT (-84.491149 33.845955),,,,,,,,,,
POINT (-84.757557 33.386381),,,,,,,,,,
POINT (-84.315524 33.849131),,,,,,,,,,
POINT (-84.320977 33.791881),,,,,,,,,,
POINT (-84.157497 31.590227),,,,,,,,,,
POINT (-84.589476 33.745311),,,,,,,,,,
POINT (-85.179721 34.260454),,,,,,,,,,
POINT (-84.385209 33.769335),,,,,,,,,,
POINT (-84.354756 33.907895),C110161-A,110161,Northside Hospital Atlanta,"1000 JOHNSON FERRY ROAD, NE",ATLANTA,30342.0,13121.0,GA,"33.909331,-84.354072",POINT (-84.354756 33.907895)
POINT (-84.393367 33.808802),,,,,,,,,,
POINT (-84.393887 33.806584),,,,,,,,,,
POINT (-81.484664 31.173805),,,,,,,,,,
POINT (-83.81737 34.30335),,,,,,,,,,
POINT (-84.981978 32.481714),,,,,,,,,,
POINT (-81.990978 33.469927),,,,,,,,,,
POINT (-84.255377 32.06425),,,,,,,,,,
POINT (-83.973335 30.824623),,,,,,,,,,
POINT (-83.491068 31.470401),,,,,,,,,,
POINT (-84.336228 32.887255),C110002-A,110002,Upson Regional Medical Center,801 W GORDON STREET,THOMASTON,30286.0,13293.0,GA,"32.886295,-84.336183",POINT (-84.336228 32.887255)
POINT (-84.983868 34.788879),,,,,,,,,,
POINT (-83.840673 31.512386),C111328-A,111328,Phoebe Worth Medical Center,807 SOUTH ISABELLA STREET,SYLVESTER,31791.0,13321.0,GA,"31.511554,-83.83979",POINT (-83.840673 31.512386)
POINT (144.774281 13.504491),C650001-A,650001,Guam Memorial Hospital Authority,850 GOV CARLOS G CAMACHO RD,TAMUNING,96913.0,66010.0,GU,"13.49,144.78",POINT (144.774281 13.504491)
POINT (-155.112892 19.717551),,,,,,,,,,
POINT (-155.990544 19.638557),,,,,,,,,,
POINT (-155.665441 20.023219),,,,,,,,,,
POINT (-155.91772 19.519237),,,,,,,,,,
POINT (-157.917412 21.336366),,,,,,,,,,
POINT (-157.854965 21.308307),,,,,,,,,,
POINT (-157.850921 21.302268),,,,,,,,,,
POINT (-157.889362 21.361925),,,,,,,,,,
POINT (-157.900297 21.362447),,,,,,,,,,
POINT (-157.952209 21.676434),,,,,,,,,,
POINT (-157.757142 21.381453),,,,,,,,,,
POINT (-159.366386 21.985784),C120014-A,120014,WILCOX MEDICAL CENTER,3-3420 KUHIO HIGHWAY,LIHUE,96766.0,15007.0,HI,"21.98549,-159.36638",POINT (-159.366386 21.985784)
POINT (-155.993977 20.763631),,,,,,,,,,
POINT (-156.488087 20.884455),,,,,,,,,,
POINT (-94.747914 40.98843),,,,,,,,,,
POINT (-92.455968 42.533973),,,,,,,,,,
POINT (-92.337754 42.525973),C160110-A,160110,ALLEN MEMORIAL HOSPITAL,1825 LOGAN AVENUE,WATERLOO,50703.0,19013.0,IA,"42.526663,-92.33961",POINT (-92.337754 42.525973)
POINT (-92.346428 42.46339),,,,,,,,,,
POINT (-95.222053 42.644356),,,,,,,,,,
POINT (-94.867997 42.05694),,,,,,,,,,
POINT (-95.075013 41.90665),,,,,,,,,,
POINT (-94.991396 41.402098),,,,,,,,,,
POINT (-93.806994 43.097818),,,,,,,,,,
POINT (-93.216151 43.148378),,,,,,,,,,
POINT (-95.14385 43.150157),,,,,,,,,,
POINT (-93.747788 40.750348),,,,,,,,,,
POINT (-91.467028 42.483902),,,,,,,,,,
POINT (-95.126311 43.418176),,,,,,,,,,
POINT (-90.687543 42.49511),,,,,,,,,,
POINT (-90.674358 42.492671),,,,,,,,,,
POINT (-94.833994 43.410538),C161351-A,161351,AVERA HOLY FAMILY HEALTH,826 NORTH 8TH STREET,ESTHERVILLE,51334.0,19063.0,IA,"43.409558,-94.833861",POINT (-94.833994 43.410538)
POINT (-91.809412 42.967681),,,,,,,,,,
POINT (-94.388053 42.015241),,,,,,,,,,
POINT (-91.558041 40.962985),,,,,,,,,,
POINT (-92.117764 43.381891),,,,,,,,,,
POINT (-91.963116 40.985727),,,,,,,,,,
POINT (-91.550759 41.661203),,,,,,,,,,
POINT (-91.548116 41.664617),,,,,,,,,,
POINT (-91.262005 42.102264),,,,,,,,,,
POINT (-91.382215 40.624174),,,,,,,,,,
POINT (-91.654759 41.978867),,,,,,,,,,
POINT (-91.659064 41.985604),,,,,,,,,,
POINT (-93.303421 41.027661),,,,,,,,,,
POINT (-94.017038 41.328815),,,,,,,,,,
POINT (-93.109511 41.310972),,,,,,,,,,
POINT (-92.911575 41.412337),,,,,,,,,,
POINT (-92.796674 41.044816),,,,,,,,,,
POINT (-91.052727 41.434173),C160013-A,160013,TRINITY MUSCATINE,1518 MULBERRY AVENUE,MUSCATINE,52761.0,19139.0,IA,"41.43328,-91.054253",POINT (-91.052727 41.434173)
POINT (-95.84727 43.186975),C161381-A,161381,Sanford Sheldon Medical Center,118 NORTH 7TH AVENUE,SHELDON,51201.0,19141.0,IA,"43.186834,-95.846611",POINT (-95.84727 43.186975)
POINT (-95.74173 43.410421),,,,,,,,,,
POINT (-95.041406 40.723116),C161352-A,161352,CLARINDA REGIONAL HEALTH CENTER,220 ESSIE DAVISON DRIVE,CLARINDA,51632.0,19145.0,IA,"40.722954,-95.042607",POINT (-95.041406 40.723116)
POINT (-95.368554 40.753644),C161366-A,161366,SHENANDOAH MEDICAL CENTER,300 PERSHING AVENUE,SHENANDOAH,51601.0,19145.0,IA,"40.752756,-95.368843",POINT (-95.368554 40.753644)
POINT (-94.678841 42.740589),,,,,,,,,,
POINT (-93.641513 41.615097),,,,,,,,,,
POINT (-93.633188 41.590795),,,,,,,,,,
POINT (-93.62568 41.598048),,,,,,,,,,
POINT (-93.790638 41.597854),,,,,,,,,,
POINT (-95.838457 41.268171),,,,,,,,,,
POINT (-95.835709 41.268756),,,,,,,,,,
POINT (-90.51736 41.566163),,,,,,,,,,
POINT (-90.593782 41.545503),,,,,,,,,,
POINT (-95.326511 41.64748),,,,,,,,,,
POINT (-96.045648 42.994889),,,,,,,,,,
POINT (-96.285094 43.202601),,,,,,,,,,
POINT (-93.610617 42.032078),,,,,,,,,,
POINT (-93.64621 42.0584),,,,,,,,,,
POINT (-94.383799 41.071215),,,,,,,,,,
POINT (-93.31232 40.754474),C161358-A,161358,Wayne County Hospital,417 SOUTH EAST STREET,CORYDON,50060.0,19185.0,IA,"40.754205,-93.311855",POINT (-93.31232 40.754474)
POINT (-94.191249 42.490422),,,,,,,,,,
POINT (-96.400087 42.49533),C160153-A,160153,MercyOne Siouxland Medical Center (FKA Mercy Medical Center - Sioux City),801 5TH ST,SIOUX CITY,51101.0,19193.0,IA,"42.495704,-96.400967",POINT (-96.400087 42.49533)
POINT (-96.406292 42.51881),,,,,,,,,,
POINT (-93.732628 42.721646),,,,,,,,,,
POINT (-116.253622 43.613868),,,,,,,,,,
POINT (-116.190405 43.603923),,,,,,,,,,
POINT (-116.194781 43.619209),,,,,,,,,,
POINT (-112.4189 42.872621),,,,,,,,,,
POINT (-111.989111 43.472526),,,,,,,,,,
POINT (-116.792783 47.694456),,,,,,,,,,
POINT (-117.001406 46.728705),,,,,,,,,,
POINT (-117.015802 46.416331),,,,,,,,,,
POINT (-91.399886 39.935649),,,,,,,,,,
POINT (-91.399014 39.93186),,,,,,,,,,
POINT (-88.217397 40.117189),,,,,,,,,,
POINT (-87.813386 41.988883),,,,,,,,,,
POINT (-87.636429 41.93395),C140224-A,140224,AMITA Health Saint Joseph Hospital Chicago (FKA Presence Saint Joseph Hospital - Chicago),2900 NORTH LAKE SHORE DRIVE,CHICAGO,60657.0,17031.0,IL,"41.934822,-87.637582",POINT (-87.636429 41.93395)
POINT (-87.622034 41.89677),,,,,,,,,,
POINT (-87.648804 41.966241),,,,,,,,,,
POINT (-87.621638 41.894989),,,,,,,,,,
POINT (-87.669039 41.875157),,,,,,,,,,
POINT (-87.698272 41.855538),,,,,,,,,,
POINT (-87.568623 41.749496),,,,,,,,,,
POINT (-87.674311 41.874041),,,,,,,,,,
POINT (-87.651604 41.954543),,,,,,,,,,
POINT (-87.604925 41.787956),,,,,,,,,,
POINT (-87.668951 41.869159),,,,,,,,,,
POINT (-87.683219 42.02553),,,,,,,,,,
POINT (-87.83321 41.858732),,,,,,,,,,
POINT (-87.732216 41.720349),,,,,,,,,,
POINT (-88.026967 42.061433),,,,,,,,,,
POINT (-87.908532 41.753879),,,,,,,,,,
POINT (-87.935299 41.861657),,,,,,,,,,
POINT (-87.92119 41.818253),,,,,,,,,,
POINT (-88.149267 41.761547),,,,,,,,,,
POINT (-88.006398 41.714038),,,,,,,,,,
POINT (-88.93 38.3149),,,,,,,,,,
POINT (-88.331468 42.070221),,,,,,,,,,
POINT (-88.177959 42.193415),,,,,,,,,,
POINT (-87.807611 42.188803),,,,,,,,,,
POINT (-87.951595 42.274278),,,,,,,,,,
POINT (-90.159831 38.899034),,,,,,,,,,
POINT (-89.666175 40.796689),,,,,,,,,,
POINT (-89.594358 40.700312),,,,,,,,,,
POINT (-89.687071 40.779748),,,,,,,,,,
POINT (-89.813389 37.918325),,,,,,,,,,
POINT (-90.020566 38.548909),,,,,,,,,,
POINT (-89.64475 39.807288),,,,,,,,,,
POINT (-87.59243 40.131808),,,,,,,,,,
POINT (-88.95713 37.729786),,,,,,,,,,
POINT (-89.096782 42.298462),,,,,,,,,,
POINT (-88.968795 42.312833),,,,,,,,,,
POINT (-85.245539 41.037621),,,,,,,,,,
POINT (-85.185687 41.110803),,,,,,,,,,
POINT (-85.099458 41.187123),,,,,,,,,,
POINT (-85.108343 41.089775),C15002F-A,15002F,VA N. INDIANA HEALTHCARE SYSTEM - FT. WAYNE,2121 LAKE AVENUE,FORT WAYNE,46805.0,18003.0,IN,"41.0899,-85.107927",POINT (-85.108343 41.089775)
POINT (-85.896574 39.215876),C150112-A,150112,Columbus Regional Hospital (AKA Columbus Regional Health),2400 E 17TH ST,COLUMBUS,47201.0,18005.0,IN,"39.21599,-85.89436",POINT (-85.896574 39.215876)
POINT (-86.475612 40.078607),,,,,,,,,,
POINT (-86.361289 40.762399),C150072-A,150072,Logansport Memorial Hospital,1101 MICHIGAN AVE,LOGANSPORT,46947.0,18017.0,IN,"40.762965,-86.355502",POINT (-86.361289 40.762399)
POINT (-85.738377 38.276175),,,,,,,,,,
POINT (-87.160319 38.658695),,,,,,,,,,
POINT (-85.414326 40.197584),,,,,,,,,,
POINT (-86.941207 38.393741),,,,,,,,,,
POINT (-85.829962 41.564327),,,,,,,,,,
POINT (-85.835482 38.300906),,,,,,,,,,
POINT (-86.197019 41.061732),,,,,,,,,,
POINT (-85.665659 40.564406),,,,,,,,,,
POINT (-86.232186 39.940873),,,,,,,,,,
POINT (-86.013747 39.936811),,,,,,,,,,
POINT (-86.023955 40.047026),,,,,,,,,,
POINT (-85.769609 39.795065),,,,,,,,,,
POINT (-85.365008 39.942642),,,,,,,,,,
POINT (-86.127103 40.446777),,,,,,,,,,
POINT (-85.891321 38.956742),,,,,,,,,,
POINT (-87.138162 40.933599),,,,,,,,,,
POINT (-86.076782 39.480634),,,,,,,,,,
POINT (-87.534213 38.67292),,,,,,,,,,
POINT (-85.828346 41.246401),,,,,,,,,,
POINT (-86.731344 41.600946),,,,,,,,,,
POINT (-86.72774 41.608967),,,,,,,,,,
POINT (-86.898142 41.659464),,,,,,,,,,
POINT (-87.364438 41.396155),C150126-A,150126,Franciscan Health Crown Point (FKA Franciscan St Anthony Health - Crown Point),1201 S MAIN ST,CROWN POINT,46307.0,18089.0,IN,"41.395944,-87.366887",POINT (-87.364438 41.396155)
POINT (-87.524075 41.494352),,,,,,,,,,
POINT (-87.448542 41.634064),,,,,,,,,,
POINT (-87.357023 41.599436),C150002-B,150002,Methodist Hospitals - Northlake,600 GRANT ST,GARY,46402.0,18089.0,IN,"41.599836,-87.3579",POINT (-87.357023 41.599436)
POINT (-87.427766 41.521232),,,,,,,,,,
POINT (-87.52201 41.61449),C150004-A,150004,Franciscan Health Hammond (FKA Franciscan St Margaret Health - Hammond Campus),5454 HOHMAN AVE,HAMMOND,46320.0,18089.0,IN,"41.615214,-87.522475",POINT (-87.52201 41.61449)
POINT (-87.258916 41.513396),,,,,,,,,,
POINT (-87.335601 41.458244),,,,,,,,,,
POINT (-87.506294 41.549736),,,,,,,,,,
POINT (-87.512313 41.537258),,,,,,,,,,
POINT (-86.073805 39.787363),,,,,,,,,,
POINT (-86.039172 39.905264),,,,,,,,,,
POINT (-86.17345 39.78053),,,,,,,,,,
POINT (-86.082667 39.647449),,,,,,,,,,
POINT (-86.193886 39.907556),,,,,,,,,,
POINT (-86.047418 39.794963),,,,,,,,,,
POINT (-86.165259 39.790571),C150056-D,150056,IU Health Methodist Hospital,1701 N SENATE BLVD,INDIANAPOLIS,46202.0,18097.0,IN,"39.79097,-86.16493",POINT (-86.165259 39.790571)
POINT (-86.175493 39.775123),,,,,,,,,,
POINT (-86.308049 39.764041),,,,,,,,,,
POINT (-86.058807 39.890636),,,,,,,,,,
POINT (-86.198302 39.907578),,,,,,,,,,
POINT (-86.049817 39.896148),,,,,,,,,,
POINT (-86.196008 39.911996),,,,,,,,,,
POINT (-86.90804 40.066373),,,,,,,,,,
POINT (-86.356043 39.609324),,,,,,,,,,
POINT (-86.474936 38.567704),C151306-A,151306,IU Health Paoli Hospital (FKA Bloomington Hospital of Orange County),642 W HOSPITAL RD,PAOLI,47454.0,18117.0,IN,"38.564227,-86.470172",POINT (-86.474936 38.567704)
POINT (-86.596093 41.057369),,,,,,,,,,
POINT (-85.223378 39.305725),,,,,,,,,,
POINT (-85.44479 39.621567),,,,,,,,,,
POINT (-85.78397 39.560016),,,,,,,,,,
POINT (-86.174651 41.704375),,,,,,,,,,
POINT (-84.996428 41.634879),,,,,,,,,,
POINT (-86.838382 40.394171),,,,,,,,,,
POINT (-86.867606 40.419672),,,,,,,,,,
POINT (-86.807164 40.403025),,,,,,,,,,
POINT (-87.570729 37.983147),,,,,,,,,,
POINT (-87.504987 37.962405),,,,,,,,,,
POINT (-87.406841 39.419441),,,,,,,,,,
POINT (-87.4068 39.485357),,,,,,,,,,
POINT (-86.775623 40.734861),,,,,,,,,,
POINT (-98.791598 38.355129),,,,,,,,,,
POINT (-97.14648 37.72324),C170197-A,170197,Kansas Medical Center,1124 WEST 21ST STREET,ANDOVER,67002.0,20015.0,KS,"37.72447,-97.149049",POINT (-97.14648 37.72324)
POINT (-95.249953 38.981235),,,,,,,,,,
POINT (-99.299251 38.880158),,,,,,,,,,
POINT (-100.868572 37.968863),,,,,,,,,,
POINT (-95.26876 38.597014),,,,,,,,,,
POINT (-100.348169 37.808046),,,,,,,,,,
POINT (-97.332656 38.022485),,,,,,,,,,
POINT (-94.7796 38.924212),,,,,,,,,,
POINT (-94.773494 38.921426),,,,,,,,,,
POINT (-94.723699 38.937894),C170176-A,170176,Overland Park Regional Medical Center,10500 QUIVIRA ROAD,OVERLAND PARK,66215.0,20091.0,KS,"38.937681,-94.726343",POINT (-94.723699 38.937894)
POINT (-94.692216 38.995134),,,,,,,,,,
POINT (-96.197947 38.412309),,,,,,,,,,
POINT (-95.638524 37.0404),,,,,,,,,,
POINT (-97.894648 38.077764),,,,,,,,,,
POINT (-97.892038 38.079488),,,,,,,,,,
POINT (-97.610525 38.833271),,,,,,,,,,
POINT (-97.405273 37.694611),,,,,,,,,,
POINT (-97.332965 37.698417),,,,,,,,,,
POINT (-95.696692 39.056107),,,,,,,,,,
POINT (-95.696021 39.051231),,,,,,,,,,
POINT (-95.724973 39.026261),,,,,,,,,,
POINT (-82.635123 38.469998),,,,,,,,,,
POINT (-87.907658 37.114215),C181322-A,181322,CALDWELL MEDICAL CENTER,100 MEDICAL CENTER DRIVE,PRINCETON,42445.0,21033.0,KY,"37.10722,-87.89843",POINT (-87.907658 37.114215)
POINT (-83.761387 37.162102),,,,,,,,,,
POINT (-87.070139 37.777483),,,,,,,,,,
POINT (-84.513937 38.018877),,,,,,,,,,
POINT (-84.521382 38.03157),,,,,,,,,,
POINT (-84.50977 38.030667),,,,,,,,,,
POINT (-85.875148 37.710075),,,,,,,,,,
POINT (-85.639048 38.239235),,,,,,,,,,
POINT (-85.749614 38.245887),,,,,,,,,,
POINT (-85.745042 38.248445),,,,,,,,,,
POINT (-84.561842 39.014683),,,,,,,,,,
POINT (-84.110763 37.118935),C180011-A,180011,Saint Joseph London,1001 SAINT JOSEPH LANE,LONDON,40741.0,21125.0,KY,"37.117814,-84.108259",POINT (-84.110763 37.118935)
POINT (-83.327798 38.582443),,,,,,,,,,
POINT (-88.626004 37.073089),,,,,,,,,,
POINT (-88.647986 37.052917),,,,,,,,,,
POINT (-83.226528 37.278987),C180029-A,180029,HAZARD ARH REGIONAL MEDICAL CENTER,100 MEDICAL CENTER DRIVE,HAZARD,41701.0,21193.0,KY,"37.28047,-83.23262",POINT (-83.226528 37.278987)
POINT (-83.208972 37.267446),,,,,,,,,,
POINT (-82.52395 37.47251),,,,,,,,,,
POINT (-83.442432 38.180031),,,,,,,,,,
POINT (-86.429962 36.996265),C180013-A,180013,THE MEDICAL CENTER AT BOWLING GREEN,250 PARK STREET,BOWLING GREEN,42101.0,21227.0,KY,"36.996729,-86.427936",POINT (-86.429962 36.996265)
POINT (-84.120451 36.922376),C18T080-A,18T080,Baptist Health Corbin Rehab,1 TRILLIUM WAY,CORBIN,40701.0,21235.0,KY,"36.922007,-84.119444",POINT (-84.120451 36.922376)
POINT (-92.492025 30.328883),,,,,,,,,,
POINT (-92.269699 30.244822),,,,,,,,,,
POINT (-90.989068 30.255045),,,,,,,,,,
POINT (-93.699909 32.905505),,,,,,,,,,
POINT (-93.718926 32.425962),,,,,,,,,,
POINT (-93.722268 32.499989),C19048F-A,19048F,OVERTON BROOKS VA MEDICAL CENTER (SHREVEPORT),510 E STONER AVE,SHREVEPORT,71101.0,22017.0,LA,"32.500127,-93.722847",POINT (-93.722268 32.499989)
POINT (-93.778869 32.483879),,,,,,,,,,
POINT (-93.215882 30.198275),,,,,,,,,,
POINT (-93.249344 30.181572),,,,,,,,,,
POINT (-93.227251 30.215531),,,,,,,,,,
POINT (-92.095218 32.077871),,,,,,,,,,
POINT (-91.111528 30.401318),,,,,,,,,,
POINT (-92.712302 32.240869),,,,,,,,,,
POINT (-90.145205 29.962771),,,,,,,,,,
POINT (-92.047205 30.317695),,,,,,,,,,
POINT (-92.037717 30.14844),,,,,,,,,,
POINT (-90.806463 29.780225),,,,,,,,,,
POINT (-90.582764 30.504242),,,,,,,,,,
POINT (-90.582198 30.49317),,,,,,,,,,
POINT (-90.769644 30.252557),,,,,,,,,,
POINT (-90.08091 29.961092),,,,,,,,,,
POINT (-92.11479 32.499732),,,,,,,,,,
POINT (-92.147612 32.525942),,,,,,,,,,
POINT (-92.461454 31.281726),,,,,,,,,,
POINT (-93.343783 32.021588),C191312-A,191312,CHRISTUS Coushatta Health Care Center,1635 MARVEL STREET,COUSHATTA,71019.0,22081.0,LA,"32.020503,-93.34379",POINT (-93.343783 32.021588)
POINT (-91.494079 32.452864),,,,,,,,,,
POINT (-90.003767 29.957345),,,,,,,,,,
POINT (-90.668654 30.82983),,,,,,,,,,
POINT (-92.421635 30.487534),,,,,,,,,,
POINT (-90.097161 30.476249),,,,,,,,,,
POINT (-90.116208 30.466219),,,,,,,,,,
POINT (-90.094248 30.395641),,,,,,,,,,
POINT (-90.074278 30.370315),,,,,,,,,,
POINT (-90.481032 30.500955),,,,,,,,,,
POINT (-90.501029 30.635671),,,,,,,,,,
POINT (-90.413728 30.443781),,,,,,,,,,
POINT (-91.365696 30.78361),,,,,,,,,,
POINT (-70.273239 41.654288),,,,,,,,,,
POINT (-73.248269 42.459415),,,,,,,,,,
POINT (-71.146439 41.710522),,,,,,,,,,
POINT (-71.149174 42.70907),,,,,,,,,,
POINT (-72.605155 42.120538),,,,,,,,,,
POINT (-72.595607 42.115296),,,,,,,,,,
POINT (-71.104455 42.374186),,,,,,,,,,
POINT (-71.377578 42.452158),C220084-A,220084,EMERSON HOSPITAL,133 OLD ROAD TO 9 ACRE CORNER,W CONCORD,1742.0,25017.0,MA,"42.451819,-71.375",POINT (-71.377578 42.452158)
POINT (-71.220129 42.611929),,,,,,,,,,
POINT (-70.954008 42.17472),C220100-A,220100,SOUTH SHORE HOSPITAL,55 FOGG ROAD,SOUTH WEYMOUTH,2190.0,25021.0,MA,"42.175648,-70.954278",POINT (-70.954008 42.17472)
POINT (-71.247561 42.317552),,,,,,,,,,
POINT (-71.184952 42.217685),,,,,,,,,,
POINT (-71.105498 42.340581),,,,,,,,,,
POINT (-71.074855 42.335174),,,,,,,,,,
POINT (-71.107661 42.335954),,,,,,,,,,
POINT (-71.104783 42.337629),,,,,,,,,,
POINT (-71.108326 42.337944),,,,,,,,,,
POINT (-71.068777 42.3624),,,,,,,,,,
POINT (-71.062205 42.349892),,,,,,,,,,
POINT (-78.731528 39.648265),C210027-A,210027,UPMC Western Maryland (FKA Western Maryland Regional Medical Center),12500 WILLOWBROOK ROAD,CUMBERLAND,21502.0,24001.0,MD,"39.64901,-78.734019",POINT (-78.731528 39.648265)
POINT (-76.536256 38.989388),,,,,,,,,,
POINT (-76.64112 39.147833),,,,,,,,,,
POINT (-76.622298 39.1388),,,,,,,,,,
POINT (-76.472955 39.347031),,,,,,,,,,
POINT (-76.66886 39.25355),,,,,,,,,,
POINT (-76.68573 39.362941),,,,,,,,,,
POINT (-76.590792 39.29714),,,,,,,,,,
POINT (-76.662345 39.354617),,,,,,,,,,
POINT (-76.61355 39.29255),,,,,,,,,,
POINT (-76.670584 39.272215),,,,,,,,,,
POINT (-76.595521 38.559984),C210039-A,210039,CalvertHealth Medical Center (FKA Calvert Memorial Hospital),100 HOSPITAL ROAD,PRINCE FREDERICK,20678.0,24009.0,MD,"38.559803,-76.594989",POINT (-76.595521 38.559984)
POINT (-75.831076 39.60836),,,,,,,,,,
POINT (-77.414175 39.423781),,,,,,,,,,
POINT (-79.40239 39.413732),,,,,,,,,,
POINT (-76.956948 39.0506),,,,,,,,,,
POINT (-76.999658 38.984068),,,,,,,,,,
POINT (-76.864736 38.980439),,,,,,,,,,
POINT (-77.683047 39.623656),,,,,,,,,,
POINT (-75.598189 38.363096),,,,,,,,,,
POINT (-75.210472 38.338604),,,,,,,,,,
POINT (-70.215454 44.10284),,,,,,,,,,
POINT (-69.786965 44.362751),,,,,,,,,,
POINT (-68.749828 44.809907),,,,,,,,,,
POINT (-68.647086 44.952856),,,,,,,,,,
POINT (-84.349455 46.49818),,,,,,,,,,
POINT (-83.704783 43.021929),,,,,,,,,,
POINT (-85.64153 44.761645),,,,,,,,,,
POINT (-88.443435 47.238348),,,,,,,,,,
POINT (-83.279512 43.834513),,,,,,,,,,
POINT (-84.534816 42.733609),,,,,,,,,,
POINT (-85.58133 42.286125),,,,,,,,,,
POINT (-85.665037 42.970517),,,,,,,,,,
POINT (-85.722926 42.857749),,,,,,,,,,
POINT (-87.411037 46.543081),,,,,,,,,,
POINT (-84.261735 43.63565),,,,,,,,,,
POINT (-83.389075 41.925143),,,,,,,,,,
POINT (-83.192591 42.517674),C230130-A,230130,Beaumont Hospital - Royal Oak,3601 W THIRTEEN MILE RD,ROYAL OAK,48073.0,26125.0,MI,"42.516622,-83.189652",POINT (-83.192591 42.517674)
POINT (-86.227945 43.051235),,,,,,,,,,
POINT (-86.113073 42.774133),,,,,,,,,,
POINT (-83.955552 43.428435),C230070-A,230070,Covenant Medical Center - Harrison,1447 N HARRISON,SAGINAW,48602.0,26145.0,MI,"43.428335,-83.956671",POINT (-83.955552 43.428435)
POINT (-83.961853 43.443659),,,,,,,,,,
POINT (-84.182076 43.005075),,,,,,,,,,
POINT (-83.659819 42.261803),C230156-A,230156,St Joseph Mercy Ann Arbor Hospital,5301 E HURON RIVER DR,ANN ARBOR,48106.0,26161.0,MI,"42.272421,-83.774629",POINT (-83.659819 42.261803)
POINT (-83.729265 42.285336),,,,,,,,,,
POINT (-82.914914 42.418972),,,,,,,,,,
POINT (-83.057892 42.351375),,,,,,,,,,
POINT (-83.08455 42.366129),C230053-A,230053,Henry Ford Hospital,2799 W GRAND BLVD,DETROIT,48202.0,26163.0,MI,"42.36795,-83.086137",POINT (-83.08455 42.366129)
POINT (-83.058198 42.3519),,,,,,,,,,
POINT (-83.06039 42.355162),,,,,,,,,,
POINT (-94.898403 47.501354),,,,,,,,,,
POINT (-93.983802 44.165042),,,,,,,,,,
POINT (-92.491222 46.712522),,,,,,,,,,
POINT (-94.205143 46.362473),,,,,,,,,,
POINT (-93.402975 44.8657),,,,,,,,,,
POINT (-93.262588 44.956237),,,,,,,,,,
POINT (-93.263009 44.971667),,,,,,,,,,
POINT (-93.214642 44.981561),,,,,,,,,,
POINT (-93.324684 45.018526),,,,,,,,,,
POINT (-95.599049 43.621947),,,,,,,,,,
POINT (-92.465915 44.023482),,,,,,,,,,
POINT (-96.07243 46.274948),,,,,,,,,,
POINT (-94.217407 45.567592),,,,,,,,,,
POINT (-92.590847 40.192468),,,,,,,,,,
POINT (-92.317039 38.950669),,,,,,,,,,
POINT (-92.328624 38.937674),,,,,,,,,,
POINT (-92.327451 38.937599),,,,,,,,,,
POINT (-94.77025 39.770201),,,,,,,,,,
POINT (-90.443287 36.788987),,,,,,,,,,
POINT (-90.418392 36.772052),C260825-A,260825,John J Pershing VAMC (FKA Poplar Bluff VA Medical Center),1500 N WESTWOOD BLVD,POPLAR BLUFF,63901.0,29023.0,MO,"36.77187,-90.41819",POINT (-90.418392 36.772052)
POINT (-90.418392 36.772052),C26007F-A,26007F,POPLAR BLUFF VA MEDICAL CENTER,1500 N WESTWOOD BLVD,POPLAR BLUFF,63901.0,29023.0,MO,"36.77187,-90.41819",POINT (-90.418392 36.772052)
POINT (-89.571931 37.302224),,,,,,,,,,
POINT (-89.540936 37.311273),,,,,,,,,,
POINT (-94.424547 39.276633),,,,,,,,,,
POINT (-94.551852 39.15081),,,,,,,,,,
POINT (-92.182379 38.566355),,,,,,,,,,
POINT (-92.22067 38.560058),,,,,,,,,,
POINT (-91.001539 38.55199),,,,,,,,,,
POINT (-94.325465 40.252423),,,,,,,,,,
POINT (-93.278091 37.144664),C260040-A,260040,Cox Medical Center South,3801 SOUTH NATIONAL AVENUE,SPRINGFIELD,65807.0,29077.0,MO,"37.144676,-93.280596",POINT (-93.278091 37.144664)
POINT (-93.275276 37.177969),C260065-A,260065,Mercy Hospital Springfield (FKA St Johns Hospital),1235 E CHEROKEE,SPRINGFIELD,65804.0,29077.0,MO,"37.179284,-93.2753",POINT (-93.275276 37.177969)
POINT (-91.875554 36.737909),,,,,,,,,,
POINT (-94.605907 38.935007),,,,,,,,,,
POINT (-94.578593 39.082706),,,,,,,,,,
POINT (-94.558253 39.007202),,,,,,,,,,
POINT (-94.590127 39.046477),C260138-A,260138,Saint Lukes Hospital of Kansas City,4401 WORNALL RD,KANSAS CITY,64111.0,29095.0,MO,"39.047428,-94.589902",POINT (-94.590127 39.046477)
POINT (-94.575784 39.085151),,,,,,,,,,
POINT (-94.527089 37.054342),,,,,,,,,,
POINT (-94.511799 37.034697),,,,,,,,,,
POINT (-90.395433 38.19585),,,,,,,,,,
POINT (-94.87404 40.325991),,,,,,,,,,
POINT (-89.740055 36.236855),,,,,,,,,,
POINT (-93.222089 38.699051),C260009-A,260009,Bothwell Regional Health Center,601 E 14TH ST,SEDALIA,65302.0,29159.0,MO,"38.704441,-93.22806",POINT (-93.222089 38.699051)
POINT (-91.785501 37.951443),,,,,,,,,,
POINT (-93.420975 37.626777),,,,,,,,,,
POINT (-90.484635 38.780418),,,,,,,,,,
POINT (-90.506146 38.623023),,,,,,,,,,
POINT (-90.37767 38.509657),,,,,,,,,,
POINT (-90.443636 38.635613),,,,,,,,,,
POINT (-90.443481 38.64475),,,,,,,,,,
POINT (-90.263006 38.635904),,,,,,,,,,
POINT (-90.238593 38.620893),,,,,,,,,,
POINT (-90.237354 38.624414),,,,,,,,,,
POINT (-90.229844 38.641462),,,,,,,,,,
POINT (-90.261212 38.638662),,,,,,,,,,
POINT (-93.210263 39.091319),,,,,,,,,,
POINT (-89.989881 34.976181),,,,,,,,,,
POINT (-89.997923 34.967934),,,,,,,,,,
POINT (-89.328681 31.318764),,,,,,,,,,
POINT (-89.823755 33.77557),,,,,,,,,,
POINT (-88.946948 30.410646),,,,,,,,,,
POINT (-90.166692 32.335233),,,,,,,,,,
POINT (-90.178231 32.3143),,,,,,,,,,
POINT (-90.178223 32.314232),C252003-A,252003,Select Specialty Hospital - Belhaven,"1225 NORTH STATE STREET, 5TH FLOOR",JACKSON,39202.0,28049.0,MS,"32.316516,-90.179234",POINT (-90.178223 32.314232)
POINT (-90.255475 32.28684),,,,,,,,,,
POINT (-90.165103 32.333691),,,,,,,,,,
POINT (-90.167306 32.326795),,,,,,,,,,
POINT (-88.53277 30.374664),,,,,,,,,,
POINT (-89.522076 34.335864),,,,,,,,,,
POINT (-88.713023 34.238839),,,,,,,,,,
POINT (-88.42907 33.526414),C250100-A,250100,Baptist Memorial Hospital - Golden Triangle,2520 5TH STREET N,COLUMBUS,39705.0,28087.0,MS,"33.525287,-88.426763",POINT (-88.42907 33.526414)
POINT (-88.81824 33.47635),,,,,,,,,,
POINT (-88.997369 34.48623),,,,,,,,,,
POINT (-90.827457 32.375939),,,,,,,,,,
POINT (-107.447897 45.581965),,,,,,,,,,
POINT (-108.762512 48.48146),,,,,,,,,,
POINT (-111.262617 47.491585),C270012-A,270012,Benefis Hospitals Inc,1101 26TH ST S,GREAT FALLS,59405.0,30013.0,MT,"47.491822,-111.261671",POINT (-111.262617 47.491585)
POINT (-114.324965 48.215324),,,,,,,,,,
POINT (-111.017239 45.670289),,,,,,,,,,
POINT (-111.994975 46.584213),,,,,,,,,,
POINT (-114.046495 46.845604),,,,,,,,,,
POINT (-114.00063 46.874103),,,,,,,,,,
POINT (-110.525425 45.676043),,,,,,,,,,
POINT (-104.174171 47.715824),,,,,,,,,,
POINT (-105.194096 48.114803),,,,,,,,,,
POINT (-112.546445 46.008894),,,,,,,,,,
POINT (-108.514427 45.790314),C270004-A,270004,Billings Clinic Hospital,2800 10TH AVE N,BILLINGS,59101.0,30111.0,MT,"45.790203,-108.514159",POINT (-108.514427 45.790314)
POINT (-79.437157 36.090604),,,,,,,,,,
POINT (-81.177925 35.918469),,,,,,,,,,
POINT (-78.25925 34.03181),,,,,,,,,,
POINT (-82.537147 35.482243),,,,,,,,,,
POINT (-82.485185 35.587129),,,,,,,,,,
POINT (-81.679538 35.738018),,,,,,,,,,
POINT (-81.524764 35.747761),,,,,,,,,,
POINT (-80.599321 35.446017),,,,,,,,,,
POINT (-80.610494 35.470974),,,,,,,,,,
POINT (-80.435729 35.399112),,,,,,,,,,
POINT (-76.636162 34.734094),,,,,,,,,,
POINT (-76.643385 34.726348),,,,,,,,,,
POINT (-77.054629 34.659695),,,,,,,,,,
POINT (-76.754881 34.724872),,,,,,,,,,
POINT (-81.320075 35.730199),,,,,,,,,,
POINT (-81.288875 35.73086),,,,,,,,,,
POINT (-81.265152 35.714688),,,,,,,,,,
POINT (-81.337778 35.737175),,,,,,,,,,
POINT (-81.383503 35.729379),,,,,,,,,,
POINT (-77.067866 35.112739),,,,,,,,,,
POINT (-78.878136 35.08966),,,,,,,,,,
POINT (-78.931941 35.912141),,,,,,,,,,
POINT (-78.936539 36.010576),,,,,,,,,,
POINT (-80.044363 36.092836),C340014-C,340014,Novant Health Kernersville Medical Center,1750 KERNERSVILLE MEDICAL PKWY,KERNERSVILLE,27284.0,37067.0,NC,"36.091325,-80.043871",POINT (-80.044363 36.092836)
POINT (-80.051484 36.111944),,,,,,,,,,
POINT (-80.298519 36.073892),,,,,,,,,,
POINT (-80.179794 36.076873),,,,,,,,,,
POINT (-80.302873 36.061304),,,,,,,,,,
POINT (-81.143023 35.274593),,,,,,,,,,
POINT (-81.01719 35.297873),,,,,,,,,,
POINT (-79.828696 36.08146),,,,,,,,,,
POINT (-79.882479 36.089115),,,,,,,,,,
POINT (-82.468145 35.320814),C340017-A,340017,PARDEE HOSPITAL,800 N JUSTICE ST,HENDERSONVILLE,28791.0,37089.0,NC,"35.32055,-82.467104",POINT (-82.468145 35.320814)
POINT (-82.470551 35.318834),,,,,,,,,,
POINT (-80.796515 35.58872),,,,,,,,,,
POINT (-80.852935 35.55046),,,,,,,,,,
POINT (-80.866912 35.79908),,,,,,,,,,
POINT (-78.333574 35.513187),,,,,,,,,,
POINT (-77.735968 35.06738),,,,,,,,,,
POINT (-80.808533 35.031806),,,,,,,,,,
POINT (-80.7385 35.137858),,,,,,,,,,
POINT (-80.81726 35.05886),,,,,,,,,,
POINT (-80.919388 35.224286),,,,,,,,,,
POINT (-80.826861 35.211688),,,,,,,,,,
POINT (-80.809634 35.204937),,,,,,,,,,
POINT (-80.825476 35.212973),,,,,,,,,,
POINT (-80.818493 35.212735),,,,,,,,,,
POINT (-80.891913 35.246642),,,,,,,,,,
POINT (-80.913708 35.196865),,,,,,,,,,
POINT (-80.860189 35.410961),,,,,,,,,,
POINT (-80.858925 35.403089),,,,,,,,,,
POINT (-79.453922 35.205724),,,,,,,,,,
POINT (-79.401032 35.170052),,,,,,,,,,
POINT (-77.926819 34.206052),,,,,,,,,,
POINT (-76.22002 36.32153),,,,,,,,,,
POINT (-77.276404 35.574138),,,,,,,,,,
POINT (-82.212575 35.239027),,,,,,,,,,
POINT (-80.481561 35.680964),,,,,,,,,,
POINT (-80.471457 35.681735),C340015-A,340015,Novant Health Rowan Medical Center,612 MOCKSVILLE AVE,SALISBURY,28144.0,37159.0,NC,"35.681236,-80.471224",POINT (-80.471457 35.681735)
POINT (-80.487085 35.681319),,,,,,,,,,
POINT (-78.323635 35.007783),,,,,,,,,,
POINT (-79.47042 34.7517),,,,,,,,,,
POINT (-80.453168 35.254706),,,,,,,,,,
POINT (-83.322269 35.482836),,,,,,,,,,
POINT (-78.446737 36.33329),,,,,,,,,,
POINT (-78.807124 35.732708),,,,,,,,,,
POINT (-78.621667 35.709031),,,,,,,,,,
POINT (-78.576561 35.685197),,,,,,,,,,
POINT (-78.863625 35.871661),,,,,,,,,,
POINT (-78.814483 35.8386),,,,,,,,,,
POINT (-78.659358 35.88612),,,,,,,,,,
POINT (-78.659654 35.895995),,,,,,,,,,
POINT (-77.94958 35.399581),,,,,,,,,,
POINT (-77.953336 35.400833),,,,,,,,,,
POINT (-77.95446 35.721404),,,,,,,,,,
POINT (-77.938343 35.767119),,,,,,,,,,
POINT (-99.748207 48.843468),,,,,,,,,,
POINT (-96.038822 41.23319),,,,,,,,,,
POINT (-96.028839 41.237905),,,,,,,,,,
POINT (-96.183447 41.2324),,,,,,,,,,
POINT (-96.638845 40.818356),,,,,,,,,,
POINT (-96.665172 40.740764),,,,,,,,,,
POINT (-96.65365 40.7979),,,,,,,,,,
POINT (-96.627776 40.811773),,,,,,,,,,
POINT (-96.619617 40.813302),,,,,,,,,,
POINT (-96.622821 40.772305),,,,,,,,,,
POINT (-97.450993 42.032525),,,,,,,,,,
POINT (-103.665837 41.885055),,,,,,,,,,
POINT (-96.472315 42.235875),,,,,,,,,,
POINT (-71.13785 44.060011),,,,,,,,,,
POINT (-71.156548 44.487099),,,,,,,,,,
POINT (-71.554156 44.48699),C301303-A,301303,Weeks Medical Center,173 MIDDLE STREET,LANCASTER,3584.0,33007.0,NH,"44.486188,-71.554323",POINT (-71.554156 44.48699)
POINT (-71.825316 44.316234),,,,,,,,,,
POINT (-71.473849 42.991071),,,,,,,,,,
POINT (-71.437231 42.98386),,,,,,,,,,
POINT (-71.480127 42.750352),,,,,,,,,,
POINT (-71.461896 42.755903),,,,,,,,,,
POINT (-71.561352 43.196099),,,,,,,,,,
POINT (-70.934896 42.983614),,,,,,,,,,
POINT (-70.788052 43.063988),,,,,,,,,,
POINT (-70.875338 43.212638),C300018-A,300018,Wentworth-Douglass Hospital,789 CENTRAL AVE,DOVER,3820.0,33017.0,NH,"43.213409,-70.873596",POINT (-70.875338 43.212638)
POINT (-70.961195 43.298189),,,,,,,,,,
POINT (-74.433995 39.35777),,,,,,,,,,
POINT (-74.514622 39.472393),,,,,,,,,,
POINT (-74.592864 39.314714),,,,,,,,,,
POINT (-73.967384 40.904062),,,,,,,,,,
POINT (-74.057954 40.884032),,,,,,,,,,
POINT (-74.069316 41.057185),,,,,,,,,,
POINT (-74.029453 40.848258),,,,,,,,,,
POINT (-74.101573 40.984012),,,,,,,,,,
POINT (-74.008621 40.88239),,,,,,,,,,
POINT (-74.014952 40.984924),,,,,,,,,,
POINT (-74.58621 39.977274),C310031-A,310031,Deborah Heart and Lung Center,200 TRENTON ROAD,BROWNS MILLS,8015.0,34005.0,NJ,"39.977412,-74.584724",POINT (-74.58621 39.977274)
POINT (-74.919013 39.880554),,,,,,,,,,
POINT (-74.795832 39.985698),,,,,,,,,,
POINT (-74.881211 40.048705),,,,,,,,,,
POINT (-75.114653 39.941461),,,,,,,,,,
POINT (-75.095744 39.927062),,,,,,,,,,
POINT (-75.017145 39.929089),C310086-B,310086,Jefferson Cherry Hill Hospital (FKA Kennedy University Hospital - Cherry Hill),2201 CHAPEL AVE W,CHERRY HILL,8002.0,34007.0,NJ,"39.927233,-75.016189",POINT (-75.017145 39.929089)
POINT (-75.008801 39.82885),,,,,,,,,,
POINT (-74.927892 39.842327),,,,,,,,,,
POINT (-74.817771 39.086833),,,,,,,,,,
POINT (-75.058659 39.447506),C310032-B,310032,Inspira Medical Center Vineland (FKA South Jersey Healthcare Regional Medical Center),1505 W SHERMAN AVE,VINELAND,8360.0,34011.0,NJ,"39.445387,-75.058741",POINT (-75.058659 39.447506)
POINT (-74.175131 40.785228),,,,,,,,,,
POINT (-74.213208 40.753645),,,,,,,,,,
POINT (-74.302385 40.763939),,,,,,,,,,
POINT (-74.204288 40.8123),,,,,,,,,,
POINT (-74.213878 40.710104),,,,,,,,,,
POINT (-74.174503 40.743034),,,,,,,,,,
POINT (-75.149563 39.717915),,,,,,,,,,
POINT (-75.065655 39.734084),,,,,,,,,,
POINT (-74.112371 40.667531),,,,,,,,,,
POINT (-74.033559 40.741213),,,,,,,,,,
POINT (-74.050249 40.73471),C310016-A,310016,Christ Hospital,176 PALISADE AVE,JERSEY CITY,7306.0,34017.0,NJ,"40.734396,-74.049611",POINT (-74.050249 40.73471)
POINT (-74.049996 40.716671),,,,,,,,,,
POINT (-74.859997 40.531905),,,,,,,,,,
POINT (-74.810992 40.294611),,,,,,,,,,
POINT (-74.752801 40.235938),,,,,,,,,,
POINT (-74.67483 40.21712),,,,,,,,,,
POINT (-74.742279 40.217204),,,,,,,,,,
POINT (-74.349586 40.557869),,,,,,,,,,
POINT (-74.459034 40.501808),,,,,,,,,,
POINT (-74.322689 40.383936),,,,,,,,,,
POINT (-74.280671 40.518301),,,,,,,,,,
POINT (-74.625938 40.338981),,,,,,,,,,
POINT (-74.311993 40.235681),,,,,,,,,,
POINT (-73.983666 40.295038),,,,,,,,,,
POINT (-74.149048 40.373045),,,,,,,,,,
POINT (-74.039604 40.207647),,,,,,,,,,
POINT (-74.465534 40.894355),C310050-A,310050,Saint Clare's Denville Hospital,25 POCONO RD,DENVILLE,7834.0,34027.0,NJ,"40.895421,-74.465341",POINT (-74.465534 40.894355)
POINT (-74.576886 40.886053),,,,,,,,,,
POINT (-74.465049 40.78804),C310015-A,310015,Morristown Medical Center,100 MADISON AVE,MORRISTOWN,7960.0,34027.0,NJ,"40.789037,-74.465134",POINT (-74.465049 40.78804)
POINT (-74.310184 40.959096),,,,,,,,,,
POINT (-74.129748 40.078327),,,,,,,,,,
POINT (-74.219171 40.108915),,,,,,,,,,
POINT (-74.217362 40.074107),,,,,,,,,,
POINT (-74.286515 39.720713),,,,,,,,,,
POINT (-74.214585 39.965098),,,,,,,,,,
POINT (-74.584009 40.643227),,,,,,,,,,
POINT (-74.521799 40.52931),,,,,,,,,,
POINT (-74.595695 40.568854),,,,,,,,,,
POINT (-74.764892 41.055673),,,,,,,,,,
POINT (-74.214355 40.65892),,,,,,,,,,
POINT (-74.291686 40.612237),,,,,,,,,,
POINT (-74.354543 40.712576),,,,,,,,,,
POINT (-74.814159 40.861314),,,,,,,,,,
POINT (-106.589321 35.173153),,,,,,,,,,
POINT (-106.553116 35.094588),,,,,,,,,,
POINT (-106.600423 35.166422),,,,,,,,,,
POINT (-106.631208 35.089515),,,,,,,,,,
POINT (-106.577664 35.054285),,,,,,,,,,
POINT (-104.527034 33.422168),,,,,,,,,,
POINT (-106.319765 35.882165),,,,,,,,,,
POINT (-108.730248 35.508444),,,,,,,,,,
POINT (-108.752101 35.524313),,,,,,,,,,
POINT (-108.176012 36.756156),,,,,,,,,,
POINT (-106.654177 35.248844),,,,,,,,,,
POINT (-105.952305 35.645937),,,,,,,,,,
POINT (-105.949337 35.657182),,,,,,,,,,
POINT (-105.577479 36.367414),,,,,,,,,,
POINT (-119.781729 39.201898),,,,,,,,,,
POINT (-119.76611 39.179184),,,,,,,,,,
POINT (-118.76518 39.474876),,,,,,,,,,
POINT (-115.109228 36.114934),,,,,,,,,,
POINT (-115.243429 36.034566),,,,,,,,,,
POINT (-115.131625 36.07173),,,,,,,,,,
POINT (-115.183575 36.053931),,,,,,,,,,
POINT (-115.271698 36.055545),C290053-A,290053,Dignity Health St Rose Dominican - San Martin Campus,8280 W WARM SPRINGS ROAD,LAS VEGAS,89113.0,32003.0,NV,"36.057404,-115.271901",POINT (-115.271698 36.055545)
POINT (-115.166362 36.158942),,,,,,,,,,
POINT (-114.113778 36.808955),,,,,,,,,,
POINT (-119.719994 38.91877),,,,,,,,,,
POINT (-115.76365 40.833417),,,,,,,,,,
POINT (-117.728374 40.971781),C291308-A,291308,HUMBOLT GENERAL HOSPITAL,118 EAST HASKELL STREET,WINNEMUCCA,89445.0,32013.0,NV,"40.971199,-117.726738",POINT (-117.728374 40.971781)
POINT (-114.511827 37.622396),,,,,,,,,,
POINT (-119.805865 39.476635),,,,,,,,,,
POINT (-119.783845 39.455979),,,,,,,,,,
POINT (-119.752223 39.428395),,,,,,,,,,
POINT (-119.760592 39.446131),,,,,,,,,,
POINT (-119.753952 39.427815),,,,,,,,,,
POINT (-119.791296 39.529442),,,,,,,,,,
POINT (-119.796721 39.524747),,,,,,,,,,
POINT (-114.859695 39.256232),,,,,,,,,,
POINT (-73.774505 42.652821),C330013-A,330013,Albany Medical Center,"43 NEW SCOTLAND AVENUE, MAIL CODE 34",ALBANY,12208.0,36001.0,NY,"42.653041,-73.77556",POINT (-73.774505 42.652821)
POINT (-73.843575 42.738733),,,,,,,,,,
POINT (-73.748921 42.674636),,,,,,,,,,
POINT (-77.950013 42.123016),,,,,,,,,,
POINT (-73.911604 40.843651),,,,,,,,,,
POINT (-73.879975 40.879777),,,,,,,,,,
POINT (-73.892168 40.85277),,,,,,,,,,
POINT (-75.914312 42.089051),,,,,,,,,,
POINT (-75.914075 42.086413),,,,,,,,,,
POINT (-75.983795 42.107886),,,,,,,,,,
POINT (-78.426977 42.089447),,,,,,,,,,
POINT (-76.56447 42.940766),,,,,,,,,,
POINT (-79.333606 42.480064),,,,,,,,,,
POINT (-79.232925 42.091113),,,,,,,,,,
POINT (-79.569397 42.327901),,,,,,,,,,
POINT (-76.826745 42.099234),,,,,,,,,,
POINT (-73.466695 44.700423),,,,,,,,,,
POINT (-73.777067 42.24599),,,,,,,,,,
POINT (-74.641859 42.147462),,,,,,,,,,
POINT (-75.128476 42.164638),,,,,,,,,,
POINT (-73.93563 41.694575),,,,,,,,,,
POINT (-73.929503 41.717405),,,,,,,,,,
POINT (-73.911774 41.934571),,,,,,,,,,
POINT (-73.962875 41.540975),,,,,,,,,,
POINT (-78.829151 42.927175),,,,,,,,,,
POINT (-78.865983 42.900342),,,,,,,,,,
POINT (-78.812115 42.848052),,,,,,,,,,
POINT (-78.865021 42.898533),,,,,,,,,,
POINT (-78.849596 42.929473),,,,,,,,,,
POINT (-78.78432 42.91414),,,,,,,,,,
POINT (-78.659196 42.508483),,,,,,,,,,
POINT (-78.730102 42.991116),,,,,,,,,,
POINT (-78.739792 42.949583),,,,,,,,,,
POINT (-74.144632 44.345029),,,,,,,,,,
POINT (-74.331469 43.067973),,,,,,,,,,
POINT (-78.177183 43.003939),,,,,,,,,,
POINT (-74.84766 43.043935),,,,,,,,,,
POINT (-75.920121 44.337172),,,,,,,,,,
POINT (-75.912725 43.965077),C330157-A,330157,Samaritan Medical Center,830 WASHINGTON STREET,WATERTOWN,13601.0,36045.0,NY,"43.964953,-75.914492",POINT (-75.912725 43.965077)
POINT (-73.948321 40.613783),,,,,,,,,,
POINT (-73.945128 40.654459),,,,,,,,,,
POINT (-74.023717 40.609071),,,,,,,,,,
POINT (-77.700314 42.552038),,,,,,,,,,
POINT (-75.541928 42.813814),,,,,,,,,,
POINT (-75.653598 43.078687),,,,,,,,,,
POINT (-77.607295 43.136451),,,,,,,,,,
POINT (-77.74589 43.153606),,,,,,,,,,
POINT (-77.563763 43.154207),,,,,,,,,,
POINT (-77.584428 43.192588),,,,,,,,,,
POINT (-77.68614 43.184625),,,,,,,,,,
POINT (-77.701451 43.192588),,,,,,,,,,
POINT (-74.215651 42.95352),C330047-A,330047,St Marys Hospital - Hospital Campus,427 GUY PARK AVENUE,AMSTERDAM,12010.0,36057.0,NY,"42.954514,-74.216202",POINT (-74.215651 42.95352)
POINT (-73.478545 40.725805),,,,,,,,,,
POINT (-73.553707 40.725306),,,,,,,,,,
POINT (-73.428387 40.721266),,,,,,,,,,
POINT (-73.643382 40.741684),C330214-A,330214,NYU Winthrop Hospital (FKA Winthrop University Hospital),259 1ST ST,MINEOLA,11501.0,36059.0,NY,"40.740691,-73.643055",POINT (-73.643382 40.741684)
POINT (-73.468269 40.79008),,,,,,,,,,
POINT (-73.633236 40.688191),,,,,,,,,,
POINT (-73.672669 40.804505),,,,,,,,,,
POINT (-73.685685 40.681559),,,,,,,,,,
POINT (-73.483713 40.806397),,,,,,,,,,
POINT (-73.953127 40.764866),C330270-A,330270,Hospital for Special Surgery,535 EAST 70TH STREET,NEW YORK,10021.0,36061.0,NY,"40.7653,-73.95389",POINT (-73.953127 40.764866)
POINT (-73.955794 40.764053),,,,,,,,,,
POINT (-73.953632 40.790361),,,,,,,,,,
POINT (-73.953228 40.765746),,,,,,,,,,
POINT (-73.974661 40.74226),,,,,,,,,,
POINT (-73.977025 40.736248),,,,,,,,,,
POINT (-78.670979 43.176418),,,,,,,,,,
POINT (-79.050481 43.094092),,,,,,,,,,
POINT (-78.862424 43.026221),,,,,,,,,,
POINT (-75.326953 43.082911),,,,,,,,,,
POINT (-75.444138 43.229108),,,,,,,,,,
POINT (-75.267419 43.083514),,,,,,,,,,
POINT (-76.101121 43.12167),,,,,,,,,,
POINT (-76.13789 43.041666),,,,,,,,,,
POINT (-76.132913 43.009484),,,,,,,,,,
POINT (-76.14934 43.055797),,,,,,,,,,
POINT (-76.170281 43.008677),,,,,,,,,,
POINT (-77.289924 42.874927),,,,,,,,,,
POINT (-77.139252 42.960473),,,,,,,,,,
POINT (-74.369415 41.439962),,,,,,,,,,
POINT (-74.682593 41.367766),,,,,,,,,,
POINT (-74.35684 41.261416),,,,,,,,,,
POINT (-78.397073 43.22369),,,,,,,,,,
POINT (-73.826128 40.747181),,,,,,,,,,
POINT (-73.8513 40.72861),,,,,,,,,,
POINT (-73.815672 40.700271),,,,,,,,,,
POINT (-74.106682 40.635456),,,,,,,,,,
POINT (-74.086954 40.584051),,,,,,,,,,
POINT (-73.997116 41.103893),,,,,,,,,,
POINT (-73.925078 41.095724),C330104-A,330104,Montefiore Nyack Hospital (FKA Nyack Hospital),160 NORTH MIDLAND AVENUE,NYACK,10960.0,36087.0,NY,"41.096021,-73.926078",POINT (-73.925078 41.095724)
POINT (-74.136136 41.112383),,,,,,,,,,
POINT (-75.474359 44.338278),,,,,,,,,,
POINT (-74.907893 44.936412),,,,,,,,,,
POINT (-75.500014 44.692069),,,,,,,,,,
POINT (-74.981481 44.676998),,,,,,,,,,
POINT (-75.055826 44.162816),,,,,,,,,,
POINT (-73.835076 42.975146),,,,,,,,,,
POINT (-73.797121 43.084761),,,,,,,,,,
POINT (-73.917988 42.819574),,,,,,,,,,
POINT (-74.483008 42.686257),C331320-A,331320,Cobleskill Regional Hospital,178 GRANDVIEW DRIVE,COBLESKILL,12043.0,36095.0,NY,"42.686896,-74.482056",POINT (-74.483008 42.686257)
POINT (-76.858842 42.351453),C331313-A,331313,Schuyler Hospital,220 STEUBEN STREET,MONTOUR FALLS,14865.0,36097.0,NY,"42.352389,-76.860013",POINT (-76.858842 42.351453)
POINT (-77.27898 42.372743),,,,,,,,,,
POINT (-76.969841 42.136107),,,,,,,,,,
POINT (-73.233417 40.729806),,,,,,,,,,
POINT (-72.361469 41.110947),,,,,,,,,,
POINT (-73.417463 40.878899),,,,,,,,,,
POINT (-73.306056 40.89892),,,,,,,,,,
POINT (-72.978157 40.779478),,,,,,,,,,
POINT (-73.053019 40.938242),,,,,,,,,,
POINT (-72.674351 40.93362),,,,,,,,,,
POINT (-73.220131 40.867667),,,,,,,,,,
POINT (-72.380983 40.885734),,,,,,,,,,
POINT (-73.294768 40.695844),,,,,,,,,,
POINT (-74.736678 41.706428),,,,,,,,,,
POINT (-76.536276 42.46843),,,,,,,,,,
POINT (-74.379693 41.733187),,,,,,,,,,
POINT (-73.995675 41.926437),,,,,,,,,,
POINT (-77.100671 43.059959),,,,,,,,,,
POINT (-73.893312 41.291451),,,,,,,,,,
POINT (-73.724453 41.196659),,,,,,,,,,
POINT (-73.786997 40.912968),,,,,,,,,,
POINT (-73.859619 41.107589),,,,,,,,,,
POINT (-73.755342 41.014357),,,,,,,,,,
POINT (-73.769794 41.026273),,,,,,,,,,
POINT (-73.884967 40.968234),,,,,,,,,,
POINT (-78.132426 42.754534),,,,,,,,,,
POINT (-83.898113 40.88755),,,,,,,,,,
POINT (-84.087687 40.735586),,,,,,,,,,
POINT (-80.795674 41.880148),,,,,,,,,,
POINT (-80.720889 40.098644),,,,,,,,,,
POINT (-81.621342 41.503448),,,,,,,,,,
POINT (-81.697928 41.462239),,,,,,,,,,
POINT (-81.607239 41.507309),,,,,,,,,,
POINT (-81.466418 41.504785),,,,,,,,,,
POINT (-81.83291 41.37208),,,,,,,,,,
POINT (-84.635146 40.088791),,,,,,,,,,
POINT (-82.93926 40.143214),,,,,,,,,,
POINT (-82.7088 41.446146),,,,,,,,,,
POINT (-83.041444 40.059456),,,,,,,,,,
POINT (-82.843364 39.979284),,,,,,,,,,
POINT (-82.979128 39.952387),,,,,,,,,,
POINT (-83.017686 39.994884),,,,,,,,,,
POINT (-82.91235 39.980419),,,,,,,,,,
POINT (-81.576677 40.040477),,,,,,,,,,
POINT (-84.343886 39.252501),,,,,,,,,,
POINT (-84.508494 39.1213),,,,,,,,,,
POINT (-84.500402 39.140936),,,,,,,,,,
POINT (-84.380574 39.20679),,,,,,,,,,
POINT (-84.502349 39.139546),,,,,,,,,,
POINT (-84.50944 39.139585),,,,,,,,,,
POINT (-83.65034 41.01714),,,,,,,,,,
POINT (-82.882559 41.28508),,,,,,,,,,
POINT (-80.65933 40.368124),,,,,,,,,,
POINT (-82.45093 40.401227),,,,,,,,,,
POINT (-81.432239 41.626543),,,,,,,,,,
POINT (-83.594786 41.670849),,,,,,,,,,
POINT (-83.615835 41.621213),,,,,,,,,,
POINT (-84.186282 39.743904),,,,,,,,,,
POINT (-84.190779 39.696064),,,,,,,,,,
POINT (-82.014245 39.975731),,,,,,,,,,
POINT (-82.933785 41.505799),,,,,,,,,,
POINT (-84.601066 41.135293),,,,,,,,,,
POINT (-82.977694 38.753905),,,,,,,,,,
POINT (-84.169098 40.287933),,,,,,,,,,
POINT (-81.403604 40.796853),,,,,,,,,,
POINT (-81.427757 40.852413),,,,,,,,,,
POINT (-81.39707 40.812296),C360070-A,360070,Mercy Medical Center,1320 MERCY DRIVE NW,CANTON,44708.0,39151.0,OH,"40.812287,-81.396939",POINT (-81.39707 40.812296)
POINT (-81.500173 41.07838),C360020-A,360020,Summa Health System - Akron Campus,525 EAST MARKET STREET,AKRON,44309.0,39153.0,OH,"41.064049,-81.52102",POINT (-81.500173 41.07838)
POINT (-80.846371 41.285702),,,,,,,,,,
POINT (-81.335873 40.401478),,,,,,,,,,
POINT (-84.225342 39.579296),,,,,,,,,,
POINT (-81.464717 39.431621),,,,,,,,,,
POINT (-83.665138 41.374002),,,,,,,,,,
POINT (-96.131246 34.379468),,,,,,,,,,
POINT (-97.140018 34.188451),C370047-A,370047,Mercy Hospital Ardmore (FKA Mercy Memorial Health Center),1011 14TH AVE NW,ARDMORE,73401.0,40019.0,OK,"34.189088,-97.141279",POINT (-97.140018 34.188451)
POINT (-97.441117 35.230256),,,,,,,,,,
POINT (-97.468913 35.203922),,,,,,,,,,
POINT (-98.434437 34.608969),,,,,,,,,,
POINT (-98.385725 34.627297),,,,,,,,,,
POINT (-96.060699 35.87848),,,,,,,,,,
POINT (-96.098806 35.998264),,,,,,,,,,
POINT (-97.889378 36.388801),,,,,,,,,,
POINT (-97.871776 36.394079),,,,,,,,,,
POINT (-97.961942 35.047707),,,,,,,,,,
POINT (-95.402407 35.750318),,,,,,,,,,
POINT (-95.406186 35.753621),,,,,,,,,,
POINT (-95.413749 35.765241),,,,,,,,,,
POINT (-97.392959 35.46648),,,,,,,,,,
POINT (-97.622618 35.609814),,,,,,,,,,
POINT (-97.583446 35.526826),,,,,,,,,,
POINT (-97.57455 35.52996),C370028-A,370028,INTEGRIS Baptist Medical Center,3300 NORTHWEST EXPRESSWAY,OKLAHOMA CITY,73112.0,40109.0,OK,"35.529186,-97.576792",POINT (-97.57455 35.52996)
POINT (-97.530211 35.421093),,,,,,,,,,
POINT (-97.600512 35.609023),,,,,,,,,,
POINT (-97.503346 35.594546),,,,,,,,,,
POINT (-97.501002 35.482317),,,,,,,,,,
POINT (-97.598113 35.452236),,,,,,,,,,
POINT (-97.524291 35.477786),,,,,,,,,,
POINT (-95.952358 35.61056),,,,,,,,,,
POINT (-96.000119 36.146836),,,,,,,,,,
POINT (-94.841912 36.909462),,,,,,,,,,
POINT (-96.756474 35.978737),,,,,,,,,,
POINT (-96.634814 34.777921),,,,,,,,,,
POINT (-96.627723 34.783525),C374016-A,374016,Rolling Hills Hospital,1000 ROLLING HILLS LANE,ADA,74820.0,40123.0,OK,"34.784305,-96.627642",POINT (-96.627723 34.783525)
POINT (-95.612403 36.318351),,,,,,,,,,
POINT (-95.628262 36.31564),,,,,,,,,,
POINT (-95.967148 36.147164),,,,,,,,,,
POINT (-95.834 36.089995),,,,,,,,,,
POINT (-96.001828 36.061091),,,,,,,,,,
POINT (-117.847454 44.796119),,,,,,,,,,
POINT (-123.252682 44.604311),,,,,,,,,,
POINT (-122.563082 45.433286),,,,,,,,,,
POINT (-122.558256 45.433472),C380091-A,380091,Kaiser Sunnyside Medical Center,10180 SE SUNNYSIDE ROAD,CLACKAMAS,97015.0,41005.0,OR,"45.431345,-122.560425",POINT (-122.558256 45.433472)
POINT (-122.596699 45.345369),,,,,,,,,,
POINT (-122.588371 45.356647),,,,,,,,,,
POINT (-124.402426 43.113244),,,,,,,,,,
POINT (-121.266708 44.065757),,,,,,,,,,
POINT (-124.135571 43.695324),,,,,,,,,,
POINT (-123.364829 43.227894),,,,,,,,,,
POINT (-118.95922 44.417651),,,,,,,,,,
POINT (-119.06057 43.588723),,,,,,,,,,
POINT (-121.523224 45.704561),,,,,,,,,,
POINT (-122.825702 42.317017),,,,,,,,,,
POINT (-122.831042 42.316486),,,,,,,,,,
POINT (-122.861 42.339966),C380075-A,380075,Providence Medford Medical Center,1111 CRATER LAKE AVENUE,MEDFORD,97504.0,41029.0,OR,"42.339702,-122.862983",POINT (-122.861 42.339966)
POINT (-123.342295 42.419876),,,,,,,,,,
POINT (-123.341531 42.420387),,,,,,,,,,
POINT (-121.787112 42.252653),,,,,,,,,,
POINT (-120.351437 42.181583),,,,,,,,,,
POINT (-123.051331 44.087035),,,,,,,,,,
POINT (-124.117464 43.974589),,,,,,,,,,
POINT (-123.002589 44.0524),,,,,,,,,,
POINT (-123.028624 44.081376),,,,,,,,,,
POINT (-123.995496 44.985179),,,,,,,,,,
POINT (-124.058598 44.629684),,,,,,,,,,
POINT (-122.908574 44.550916),,,,,,,,,,
POINT (-122.737887 44.398),,,,,,,,,,
POINT (-123.045146 44.914296),,,,,,,,,,
POINT (-122.983672 44.956186),,,,,,,,,,
POINT (-123.035112 44.932695),,,,,,,,,,
POINT (-123.033167 44.932885),,,,,,,,,,
POINT (-122.679977 45.546373),,,,,,,,,,
POINT (-122.669518 45.544129),,,,,,,,,,
POINT (-122.676597 45.527715),,,,,,,,,,
POINT (-122.613811 45.526518),,,,,,,,,,
POINT (-123.854157 45.456326),,,,,,,,,,
POINT (-119.310948 45.84631),C381325-A,381325,Good Shepherd Medical Center,610 NW 11TH STREET,HERMISTON,97838.0,41059.0,OR,"45.847917,-119.31228",POINT (-119.310948 45.84631)
POINT (-118.104856 45.319546),,,,,,,,,,
POINT (-117.28263 45.431754),,,,,,,,,,
POINT (-121.165224 45.588019),,,,,,,,,,
POINT (-122.782686 45.485624),,,,,,,,,,
POINT (-122.876046 45.539237),,,,,,,,,,
POINT (-122.97731 45.519623),,,,,,,,,,
POINT (-122.68677 45.4992),,,,,,,,,,
POINT (-122.770854 45.508842),C380004-A,380004,Providence St Vincent Medical Center,9205 SW BARNES ROAD,PORTLAND,97225.0,41067.0,OR,"45.510927,-122.771866",POINT (-122.770854 45.508842)
POINT (-122.743931 45.377481),,,,,,,,,,
POINT (-122.933913 45.308552),,,,,,,,,,
POINT (-80.003138 40.456172),,,,,,,,,,
POINT (-79.975567 40.374092),,,,,,,,,,
POINT (-79.975565 40.374217),,,,,,,,,,
POINT (-79.962158 40.423829),,,,,,,,,,
POINT (-79.910306 40.495179),,,,,,,,,,
POINT (-75.970027 40.304008),,,,,,,,,,
POINT (-75.948059 40.329863),,,,,,,,,,
POINT (-75.700806 40.502911),,,,,,,,,,
POINT (-78.598168 40.47812),,,,,,,,,,
POINT (-75.32448 40.362761),,,,,,,,,,
POINT (-79.942934 40.874373),,,,,,,,,,
POINT (-80.117073 40.711205),,,,,,,,,,
POINT (-78.918607 40.304994),C390110-A,390110,Conemaugh Health System - Conemaugh Memorial Medical Center Main Campus,1086 FRANKLIN STREET,JOHNSTOWN,15905.0,42021.0,PA,"40.305694,-78.918554",POINT (-78.918607 40.304994)
POINT (-75.798933 39.999594),,,,,,,,,,
POINT (-78.775736 41.114349),,,,,,,,,,
POINT (-76.45164 40.994486),,,,,,,,,,
POINT (-80.146336 41.641787),,,,,,,,,,
POINT (-80.135071 41.667198),,,,,,,,,,
POINT (-76.674557 40.265932),,,,,,,,,,
POINT (-75.336177 40.025199),,,,,,,,,,
POINT (-75.26788 39.926288),,,,,,,,,,
POINT (-75.346745 39.913764),,,,,,,,,,
POINT (-80.064119 42.10317),,,,,,,,,,
POINT (-78.013908 40.493656),,,,,,,,,,
POINT (-78.769555 41.19637),,,,,,,,,,
POINT (-79.000134 40.960155),,,,,,,,,,
POINT (-75.650814 41.410675),,,,,,,,,,
POINT (-76.305328 40.046975),,,,,,,,,,
POINT (-76.309448 40.043134),,,,,,,,,,
POINT (-76.304183 40.156715),,,,,,,,,,
POINT (-75.610725 40.586999),,,,,,,,,,
POINT (-75.480763 40.574019),,,,,,,,,,
POINT (-75.741816 41.337966),,,,,,,,,,
POINT (-78.280294 41.812907),,,,,,,,,,
POINT (-80.507917 41.23373),,,,,,,,,,
POINT (-75.208888 40.179026),,,,,,,,,,
POINT (-75.179165 40.178356),,,,,,,,,,
POINT (-75.394986 40.098928),,,,,,,,,,
POINT (-75.270823 40.250795),,,,,,,,,,
POINT (-75.20773 40.225139),,,,,,,,,,
POINT (-75.612074 40.243957),,,,,,,,,,
POINT (-75.265557 39.993575),,,,,,,,,,
POINT (-76.603393 40.966741),C390006-B,390006,Geisinger Medical Center,100 N ACADEMY AVE,DANVILLE,17822.0,42093.0,PA,"40.966676,-76.607597",POINT (-76.603393 40.966741)
POINT (-76.72045 39.946523),,,,,,,,,,
POINT (-75.176822 39.968127),,,,,,,,,,
POINT (-75.092028 40.066253),,,,,,,,,,
POINT (-75.152105 40.005105),,,,,,,,,,
POINT (-75.192955 39.94847),,,,,,,,,,
POINT (-75.144683 40.037),,,,,,,,,,
POINT (-75.158761 39.949646),,,,,,,,,,
POINT (-75.19274 39.95046),,,,,,,,,,
POINT (-75.199512 39.957478),,,,,,,,,,
POINT (-75.156866 40.068956),,,,,,,,,,
POINT (-80.410052 40.117929),,,,,,,,,,
POINT (-79.916334 40.181842),,,,,,,,,,
POINT (-66.074607 18.400497),,,,,,,,,,
POINT (-66.080416 18.392008),,,,,,,,,,
POINT (-71.478358 41.704716),,,,,,,,,,
POINT (-71.306193 41.497809),,,,,,,,,,
POINT (-71.465766 41.739045),,,,,,,,,,
POINT (-71.407066 41.811792),,,,,,,,,,
POINT (-71.397541 41.851687),C410012-A,410012,Miriam Hospital,164 SUMMIT AVENUE,PROVIDENCE,2906.0,44007.0,RI,"41.851889,-71.398347",POINT (-71.397541 41.851687)
POINT (-71.434909 41.833925),,,,,,,,,,
POINT (-71.411753 41.810179),,,,,,,,,,
POINT (-71.495277 42.005438),,,,,,,,,,
POINT (-71.652206 41.418479),,,,,,,,,,
POINT (-71.495931 41.431908),,,,,,,,,,
POINT (-71.826103 41.362757),,,,,,,,,,
POINT (-79.946542 32.785322),,,,,,,,,,
POINT (-79.948734 32.782372),,,,,,,,,,
POINT (-80.072272 32.975128),,,,,,,,,,
POINT (-79.953538 32.785252),,,,,,,,,,
POINT (-79.758796 34.195931),,,,,,,,,,
POINT (-82.316757 34.806492),,,,,,,,,,
POINT (-81.114459 34.00442),,,,,,,,,,
POINT (-81.030118 34.027109),C420018-B,420018,Prisma Health - Midlands (FKA Palmetto Health),5 RICHLAND MEDICAL PARK DR,COLUMBIA,29203.0,45079.0,SC,"34.027082,-81.030597",POINT (-81.030118 34.027109)
POINT (-80.960396 33.978622),,,,,,,,,,
POINT (-81.939902 34.967853),,,,,,,,,,
POINT (-81.052532 34.955308),,,,,,,,,,
POINT (-96.768199 44.307686),,,,,,,,,,
POINT (-97.120811 44.910837),,,,,,,,,,
POINT (-103.474013 43.435153),C43003F-A,43003F,VA BLACK HILLS HEALTHCARE SYSTEM - HOT SPRINGS,500 NORTH 5TH STREET,HOT SPRINGS,57747.0,46047.0,SD,"43.428269,-103.469694",POINT (-103.474013 43.435153)
POINT (-103.478243 44.412816),,,,,,,,,,
POINT (-96.711305 43.534515),,,,,,,,,,
POINT (-96.743276 43.536677),,,,,,,,,,
POINT (-103.224964 44.05861),,,,,,,,,,
POINT (-103.270828 44.07377),,,,,,,,,,
POINT (-86.801765 36.152939),,,,,,,,,,
POINT (-86.805008 36.140798),C44018F-A,44018F,VA MIDDLE TENNESSEE HEALTHCARE SYSTEM,1310 24TH AVENUE S,NASHVILLE,37212.0,47037.0,TN,"36.141014,-86.804",POINT (-86.805008 36.140798)
POINT (-86.763179 36.1119),,,,,,,,,,
POINT (-86.801319 36.142271),,,,,,,,,,
POINT (-85.257567 35.114154),,,,,,,,,,
POINT (-83.946678 35.93826),,,,,,,,,,
POINT (-88.83186 35.639536),,,,,,,,,,
POINT (-85.50935 36.16996),,,,,,,,,,
POINT (-86.38379 35.910703),,,,,,,,,,
POINT (-90.019185 35.137092),C442014-A,442014,Select Specialty Hospital - Memphis,1265 UNION AVENUE 10TH FLOOR,MEMPHIS,38104.0,47157.0,TN,"35.136809,-90.019457",POINT (-90.019185 35.137092)
POINT (-82.512064 36.551063),,,,,,,,,,
POINT (-82.386164 36.305074),,,,,,,,,,
POINT (-97.275451 30.099684),,,,,,,,,,
POINT (-97.135544 30.004677),C450143-A,450143,SETON SMITHVILLE REGIONAL HOSPITAL,1201 HILL RD ATTN: FIN DIR,SMITHVILLE,78957.0,48021.0,TX,"30.003621,-97.13663",POINT (-97.135544 30.004677)
POINT (-97.365957 31.078646),,,,,,,,,,
POINT (-98.440337 29.41975),,,,,,,,,,
POINT (-98.573157 29.507005),,,,,,,,,,
POINT (-98.577224 29.512872),,,,,,,,,,
POINT (-98.495191 29.629927),,,,,,,,,,
POINT (-98.570973 29.510993),,,,,,,,,,
POINT (-98.586731 29.540877),,,,,,,,,,
POINT (-98.576959 29.509462),C450213-A,450213,University Hospital (AKA University Health System),4502 MEDICAL DR,SAN ANTONIO,78229.0,48029.0,TX,"29.508581,-98.5789",POINT (-98.576959 29.509462)
POINT (-98.581743 29.514719),,,,,,,,,,
POINT (-98.391334 29.522742),,,,,,,,,,
POINT (-97.65277 30.566626),,,,,,,,,,
POINT (-94.074356 33.462514),C450801-C,450801,CHRISTUS St Michael Hospital (AKA CHRISTUS St Michael Health System),2600 SAINT MICHAEL DR,TEXARKANA,75501.0,48037.0,TX,"33.46406,-94.075651",POINT (-94.074356 33.462514)
POINT (-95.405109 29.185198),,,,,,,,,,
POINT (-95.39111 29.580088),,,,,,,,,,
POINT (-96.347638 30.655526),C450011-A,450011,CHI St Joseph Regional Health Care Center,2801 FRANCISCAN DR,BRYAN,77802.0,48041.0,TX,"30.655926,-96.346722",POINT (-96.347638 30.655526)
POINT (-96.291148 30.582607),,,,,,,,,,
POINT (-98.99238 31.677171),,,,,,,,,,
POINT (-96.717047 30.520966),,,,,,,,,,
POINT (-98.237881 30.733451),,,,,,,,,,
POINT (-97.654253 29.67253),,,,,,,,,,
POINT (-97.515284 25.979259),,,,,,,,,,
POINT (-97.670494 26.173233),,,,,,,,,,
POINT (-96.684108 33.218178),,,,,,,,,,
POINT (-96.76334 33.01938),,,,,,,,,,
POINT (-96.790452 33.014304),,,,,,,,,,
POINT (-96.78081 32.790567),C452022-A,452119,SELECT SPECIALTY HOSPITAL - DALLAS INC,3500 GASTON AVENUE,DALLAS,75246.0,48113.0,TX,"32.789478,-96.78127",POINT (-96.78081 32.790567)
POINT (-96.836837 32.808359),,,,,,,,,,
POINT (-96.772773 32.909572),,,,,,,,,,
POINT (-96.823006 32.761639),,,,,,,,,,
POINT (-96.78617 32.922372),,,,,,,,,,
POINT (-96.779003 32.788619),,,,,,,,,,
POINT (-96.83509 32.814435),,,,,,,,,,
POINT (-96.779294 32.788382),,,,,,,,,,
POINT (-96.878979 32.647578),,,,,,,,,,
POINT (-96.763951 32.883036),,,,,,,,,,
POINT (-96.792973 32.694164),,,,,,,,,,
POINT (-96.959226 32.835514),,,,,,,,,,
POINT (-96.627738 32.828652),,,,,,,,,,
POINT (-97.16666 33.219108),,,,,,,,,,
POINT (-97.075315 33.034672),,,,,,,,,,
POINT (-97.067429 33.045871),,,,,,,,,,
POINT (-102.373157 31.844103),,,,,,,,,,
POINT (-106.350347 31.756116),,,,,,,,,,
POINT (-106.498581 31.770297),C450107-B,450107,Las Palmas Medical Center,1801 N OREGON ST,EL PASO,79902.0,48141.0,TX,"31.770059,-106.498861",POINT (-106.498581 31.770297)
POINT (-106.352052 31.756383),,,,,,,,,,
POINT (-106.499431 31.77126),,,,,,,,,,
POINT (-106.436022 31.771291),,,,,,,,,,
POINT (-95.631578 29.585705),,,,,,,,,,
POINT (-95.636038 29.602238),,,,,,,,,,
POINT (-94.776261 29.311443),,,,,,,,,,
POINT (-95.099816 29.479955),,,,,,,,,,
POINT (-94.987076 29.395307),,,,,,,,,,
POINT (-96.603837 33.787325),,,,,,,,,,
POINT (-94.731208 32.501554),,,,,,,,,,
POINT (-94.730513 32.512426),,,,,,,,,,
POINT (-96.076972 30.392624),,,,,,,,,,
POINT (-95.632527 29.924945),,,,,,,,,,
POINT (-95.393862 29.698818),,,,,,,,,,
POINT (-95.399172 29.708215),,,,,,,,,,
POINT (-95.387875 29.72227),C450659-A,450659,HCA Houston Healthcare Medical Center (AKA Park Plaza Hospital),1313 HERMANN DR,HOUSTON,77004.0,48201.0,TX,"29.722718,-95.387546",POINT (-95.387875 29.72227)
POINT (-95.400194 29.710477),,,,,,,,,,
POINT (-95.421432 29.706063),,,,,,,,,,
POINT (-95.471493 30.000881),,,,,,,,,,
POINT (-95.394382 29.745118),,,,,,,,,,
POINT (-95.396888 29.70631),,,,,,,,,,
POINT (-95.54427 29.781628),,,,,,,,,,
POINT (-95.387094 29.685422),,,,,,,,,,
POINT (-95.401547 29.70875),,,,,,,,,,
POINT (-95.55308 29.968134),,,,,,,,,,
POINT (-95.748382 29.793043),,,,,,,,,,
POINT (-95.252945 30.050289),,,,,,,,,,
POINT (-95.624195 30.088211),,,,,,,,,,
POINT (-95.12645 29.540933),,,,,,,,,,
POINT (-95.127604 29.539927),,,,,,,,,,
POINT (-95.124954 29.544386),,,,,,,,,,
POINT (-97.855081 30.00734),,,,,,,,,,
POINT (-98.204109 26.252424),,,,,,,,,,
POINT (-98.222166 26.185672),C450711-A,450711,Rio Grande Regional Hospital,101 E RIDGE RD,MCALLEN,78503.0,48215.0,TX,"26.186289,-98.22249",POINT (-98.222166 26.185672)
POINT (-98.224378 26.184225),,,,,,,,,,
POINT (-94.131766 30.085582),,,,,,,,,,
POINT (-94.133248 30.087769),,,,,,,,,,
POINT (-95.512146 33.668111),,,,,,,,,,
POINT (-101.900795 33.574151),,,,,,,,,,
POINT (-101.887976 33.58928),,,,,,,,,,
POINT (-95.91077 30.941703),,,,,,,,,,
POINT (-97.198161 31.513921),,,,,,,,,,
POINT (-97.219633 31.523557),,,,,,,,,,
POINT (-102.100037 31.99748),,,,,,,,,,
POINT (-95.460754 30.205458),,,,,,,,,,
POINT (-95.467149 30.20686),,,,,,,,,,
POINT (-97.395121 27.777489),,,,,,,,,,
POINT (-97.385905 27.750695),,,,,,,,,,
POINT (-97.387828 27.753559),,,,,,,,,,
POINT (-94.938109 30.730112),,,,,,,,,,
POINT (-101.92194 35.204368),,,,,,,,,,
POINT (-95.291198 32.341703),,,,,,,,,,
POINT (-95.290688 32.343495),,,,,,,,,,
POINT (-97.113365 32.701544),,,,,,,,,,
POINT (-97.119123 32.750148),,,,,,,,,,
POINT (-97.125362 32.83425),,,,,,,,,,
POINT (-97.34196 32.736359),,,,,,,,,,
POINT (-97.332832 32.730639),,,,,,,,,,
POINT (-97.343696 32.736093),,,,,,,,,,
POINT (-97.412207 32.716095),,,,,,,,,,
POINT (-97.326407 32.726764),,,,,,,,,,
POINT (-97.337793 32.739294),,,,,,,,,,
POINT (-97.217364 32.763704),,,,,,,,,,
POINT (-99.73118 32.472136),,,,,,,,,,
POINT (-94.970431 33.175303),C450080-A,450080,TITUS REGIONAL MEDICAL CENTER,2001 N JEFFERSON,MOUNT PLEASANT,75455.0,48449.0,TX,"33.173868,-94.971552",POINT (-94.970431 33.175303)
POINT (-97.745186 30.30614),,,,,,,,,,
POINT (-97.744938 30.405511),,,,,,,,,,
POINT (-97.88951 30.22696),C450865-A,450865,SETON SOUTHWEST HOSPITAL,7900 FM 1826,AUSTIN,78737.0,48453.0,TX,"30.226519,-97.892373",POINT (-97.88951 30.22696)
POINT (-97.704884 30.302662),,,,,,,,,,
POINT (-97.733887 30.275402),,,,,,,,,,
POINT (-97.74249 30.306086),,,,,,,,,,
POINT (-97.72587 30.290447),,,,,,,,,,
POINT (-97.708006 30.412252),,,,,,,,,,
POINT (-97.774344 30.227291),,,,,,,,,,
POINT (-97.75321 30.34349),,,,,,,,,,
POINT (-97.742288 30.304828),,,,,,,,,,
POINT (-97.704243 30.41195),,,,,,,,,,
POINT (-97.773736 30.226124),,,,,,,,,,
POINT (-95.561541 30.693737),,,,,,,,,,
POINT (-99.47629 27.607181),,,,,,,,,,
POINT (-99.478111 27.530604),C450029-A,450029,LAREDO MED CENTER,1700 EAST SAUNDERS,LAREDO,78044.0,48479.0,TX,"27.71,-99.0",POINT (-99.478111 27.530604)
POINT (-98.578795 33.872379),,,,,,,,,,
POINT (-97.812755 30.53109),,,,,,,,,,
POINT (-97.687511 30.626477),,,,,,,,,,
POINT (-97.712468 30.509309),,,,,,,,,,
POINT (-97.713839 30.5088),,,,,,,,,,
POINT (-111.84032 40.771298),C463301-A,463301,Primary Childrens Hospital,100 NORTH MARIO CAPECCHI DRIVE,SALT LAKE CITY,84113.0,49035.0,UT,"40.760283,-111.833608",POINT (-111.84032 40.771298)
POINT (-111.837022 40.772019),,,,,,,,,,
POINT (-111.87139 40.687666),,,,,,,,,,
POINT (-111.86533 40.761013),,,,,,,,,,
POINT (-111.841289 40.758439),,,,,,,,,,
POINT (-109.483417 37.612537),,,,,,,,,,
POINT (-109.858867 40.281671),,,,,,,,,,
POINT (-109.531564 40.457124),,,,,,,,,,
POINT (-112.459141 40.603491),,,,,,,,,,
POINT (-111.66525 40.250563),,,,,,,,,,
POINT (-111.969907 41.165995),,,,,,,,,,
POINT (-78.441853 38.023969),,,,,,,,,,
POINT (-77.128648 38.889069),,,,,,,,,,
POINT (-78.986764 38.093033),C490018-A,490018,Augusta Health,78 MEDICAL CENTER DRIVE,FISHERSVILLE,22939.0,51015.0,VA,"38.094438,-78.986719",POINT (-78.986764 38.093033)
POINT (-78.498845 38.031998),,,,,,,,,,
POINT (-76.244828 36.746111),,,,,,,,,,
POINT (-77.659056 37.466398),,,,,,,,,,
POINT (-77.225833 38.857674),,,,,,,,,,
POINT (-77.37537 38.967868),,,,,,,,,,
POINT (-77.395904 38.96878),,,,,,,,,,
POINT (-77.224374 38.928607),,,,,,,,,,
POINT (-77.242288 38.873306),,,,,,,,,,
POINT (-77.498522 38.296178),,,,,,,,,,
POINT (-78.913002 36.713106),,,,,,,,,,
POINT (-76.392331 37.056027),,,,,,,,,,
POINT (-78.858352 38.406103),,,,,,,,,,
POINT (-77.519144 37.602229),,,,,,,,,,
POINT (-77.527804 37.604944),,,,,,,,,,
POINT (-76.742161 37.335033),,,,,,,,,,
POINT (-76.38978 37.700305),,,,,,,,,,
POINT (-77.553153 38.93797),,,,,,,,,,
POINT (-79.175437 37.4121),,,,,,,,,,
POINT (-78.104106 36.747656),,,,,,,,,,
POINT (-76.4854 37.06389),,,,,,,,,,
POINT (-76.471506 37.089722),,,,,,,,,,
POINT (-76.301334 36.861834),,,,,,,,,,
POINT (-76.19171 36.850644),,,,,,,,,,
POINT (-76.304859 36.862045),,,,,,,,,,
POINT (-82.606446 36.940095),,,,,,,,,,
POINT (-78.106813 37.15936),,,,,,,,,,
POINT (-77.284211 38.634953),,,,,,,,,,
POINT (-77.406391 37.540126),,,,,,,,,,
POINT (-77.42988 37.539755),,,,,,,,,,
POINT (-79.942297 37.252046),,,,,,,,,,
POINT (-79.94277 37.32242),,,,,,,,,,
POINT (-78.867983 38.473938),,,,,,,,,,
POINT (-82.07844 36.898988),C490002-A,490002,Russell County Hospital (FKA Russell County Medical Center),58 CARROLL STREET,LEBANON,24266.0,51167.0,VA,"36.898685,-82.078613",POINT (-82.07844 36.898988)
POINT (-78.513714 38.871837),,,,,,,,,,
POINT (-77.490857 38.250118),,,,,,,,,,
POINT (-76.583413 36.773058),,,,,,,,,,
POINT (-81.782978 37.092514),,,,,,,,,,
POINT (-76.132708 36.867747),,,,,,,,,,
POINT (-76.097609 36.775925),,,,,,,,,,
POINT (-76.028381 36.864242),,,,,,,,,,
POINT (-81.90856 36.72067),,,,,,,,,,
POINT (-82.004684 36.701731),,,,,,,,,,
POINT (-78.193088 39.1916),,,,,,,,,,
POINT (-82.472039 36.942095),,,,,,,,,,
POINT (-82.781223 36.908321),,,,,,,,,,
POINT (-64.752261 17.733184),,,,,,,,,,
POINT (-73.16958 43.999396),,,,,,,,,,
POINT (-73.206861 42.873275),,,,,,,,,,
POINT (-72.009665 44.445266),,,,,,,,,,
POINT (-73.19633 44.480715),,,,,,,,,,
POINT (-72.956602 43.59909),,,,,,,,,,
POINT (-72.561298 44.21957),,,,,,,,,,
POINT (-72.564624 42.842067),C470011-A,470011,Brattleboro Memorial Hospital,17 BELMONT AVE,BRATTLEBORO,5301.0,50025.0,VT,"42.843239,-72.565329",POINT (-72.564624 42.842067)
POINT (-72.667639 43.048532),,,,,,,,,,
POINT (-117.054507 46.40364),,,,,,,,,,
POINT (-119.281121 46.280462),,,,,,,,,,
POINT (-120.321983 47.433566),,,,,,,,,,
POINT (-124.393471 47.946356),,,,,,,,,,
POINT (-123.414084 48.114635),,,,,,,,,,
POINT (-122.541457 45.619509),,,,,,,,,,
POINT (-122.649482 45.721824),,,,,,,,,,
POINT (-122.57844 45.624602),,,,,,,,,,
POINT (-122.585031 45.623299),,,,,,,,,,
POINT (-122.583646 45.625741),,,,,,,,,,
POINT (-122.658429 45.639718),,,,,,,,,,
POINT (-122.927246 46.133938),,,,,,,,,,
POINT (-122.941192 46.130992),,,,,,,,,,
POINT (-119.094436 46.235026),,,,,,,,,,
POINT (-119.869181 47.230969),,,,,,,,,,
POINT (-122.686122 48.21424),,,,,,,,,,
POINT (-122.790294 48.106132),,,,,,,,,,
POINT (-122.185679 47.621695),,,,,,,,,,
POINT (-122.152678 47.578656),,,,,,,,,,
POINT (-122.021824 47.536555),,,,,,,,,,
POINT (-122.178553 47.714882),C500124-A,500124,EvergreenHealth Medical Center,12040 NE 128TH STREET,KIRKLAND,98034.0,53033.0,WA,"47.715805,-122.17848",POINT (-122.178553 47.714882)
POINT (-122.23776 47.455664),,,,,,,,,,
POINT (-122.214182 47.441021),,,,,,,,,,
POINT (-122.323372 47.604084),C500064-A,500064,Harborview Medical Center,325 9TH AVENUE,SEATTLE,98104.0,53033.0,WA,"47.603923,-122.323659",POINT (-122.323372 47.604084)
POINT (-122.324593 47.609587),,,,,,,,,,
POINT (-122.329232 47.626516),,,,,,,,,,
POINT (-122.283119 47.664549),C503300-A,503300,Seattle Childrens Hospital,"4800 SAND POINT WAY NE, PO BOX C-5371",SEATTLE,98105.0,53033.0,WA,"47.66243,-122.282291",POINT (-122.283119 47.664549)
POINT (-122.379975 47.667175),C500027-B,500027,Swedish Medical Center - Ballard Campus,5300 TALLMAN AVE NW,SEATTLE,98107.0,53033.0,WA,"47.667428,-122.379611",POINT (-122.379975 47.667175)
POINT (-122.310247 47.606221),,,,,,,,,,
POINT (-122.320767 47.609386),,,,,,,,,,
POINT (-122.329133 47.606983),,,,,,,,,,
POINT (-122.307482 47.650506),,,,,,,,,,
POINT (-122.335826 47.712278),,,,,,,,,,
POINT (-122.327809 47.61018),,,,,,,,,,
POINT (-122.615588 47.547339),,,,,,,,,,
POINT (-122.682299 47.652149),,,,,,,,,,
POINT (-122.485346 46.531349),,,,,,,,,,
POINT (-123.082434 47.122484),,,,,,,,,,
POINT (-119.782687 48.106824),,,,,,,,,,
POINT (-119.436048 48.708768),,,,,,,,,,
POINT (-122.453527 47.25985),,,,,,,,,,
POINT (-123.02871 48.529104),,,,,,,,,,
POINT (-122.500917 48.394454),,,,,,,,,,
POINT (-122.324239 48.41742),,,,,,,,,,
POINT (-122.275287 48.495516),,,,,,,,,,
POINT (-122.11765 48.18916),,,,,,,,,,
POINT (-122.335691 47.802953),,,,,,,,,,
POINT (-122.206142 48.000329),,,,,,,,,,
POINT (-117.411573 47.739551),,,,,,,,,,
POINT (-117.422803 47.651402),,,,,,,,,,
POINT (-117.41333 47.648397),,,,,,,,,,
POINT (-117.239576 47.676741),,,,,,,,,,
POINT (-117.475567 47.702535),,,,,,,,,,
POINT (-122.844427 47.052791),,,,,,,,,,
POINT (-118.343522 46.062783),,,,,,,,,,
POINT (-122.471029 48.772294),,,,,,,,,,
POINT (-122.478164 48.77709),,,,,,,,,,
POINT (-122.468884 48.772153),,,,,,,,,,
POINT (-122.455938 48.753398),,,,,,,,,,
POINT (-122.478466 48.777092),,,,,,,,,,
POINT (-122.349708 48.885466),,,,,,,,,,
POINT (-117.169845 46.713462),,,,,,,,,,
POINT (-117.170415 46.71352),,,,,,,,,,
POINT (-120.344171 46.375948),,,,,,,,,,
POINT (-120.557994 46.5927),,,,,,,,,,
POINT (-120.591307 46.600075),,,,,,,,,,
POINT (-120.550398 46.592728),C500036-A,500036,Virginia Mason Memorial (FKA Yakima Valley Memorial Hospital),2811 TIETON DRIVE,YAKIMA,98902.0,53077.0,WA,"46.593682,-120.547622",POINT (-120.550398 46.592728)
POINT (-91.759027 45.508042),,,,,,,,,,
POINT (-88.010691 44.502022),,,,,,,,,,
POINT (-88.013044 44.501235),,,,,,,,,,
POINT (-89.429062 43.077218),C520098-B,520098,University Hospital,600 HIGHLAND AVE,MADISON,53792.0,55025.0,WI,"43.077109,-89.430517",POINT (-89.429062 43.077218)
POINT (-91.51354 44.812055),,,,,,,,,,
POINT (-91.511101 44.793456),,,,,,,,,,
POINT (-88.432084 43.7787),C520088-A,520088,St Agnes Hospital,430 E DIVISION ST,FOND DU LAC,54935.0,55039.0,WI,"43.777845,-88.43108",POINT (-88.432084 43.7787)
POINT (-89.63261 42.607239),,,,,,,,,,
POINT (-87.924446 42.566221),,,,,,,,,,
POINT (-91.239514 43.804625),,,,,,,,,,
POINT (-90.110419 42.68397),,,,,,,,,,
POINT (-89.670273 44.965842),,,,,,,,,,
POINT (-87.645286 45.070828),C520113-A,520113,Aurora Medical Center - Bay Area (FKA Bay Area Medical Center),3003 UNIVERSITY DR,MARINETTE,54143.0,55075.0,WI,"45.068387,-87.645488",POINT (-87.645286 45.070828)
POINT (-88.65145 44.884547),,,,,,,,,,
POINT (-87.976165 43.073465),,,,,,,,,,
POINT (-87.933837 42.98536),C520078-A,520078,Ascension St Francis Hospital (FKA Ascension Wheaton Franciscan Healthcare - St Francis),3237 S 16TH ST,MILWAUKEE,53215.0,55079.0,WI,"42.985669,-87.935797",POINT (-87.933837 42.98536)
POINT (-87.927184 43.042616),,,,,,,,,,
POINT (-87.949132 42.988612),,,,,,,,,,
POINT (-88.024737 43.038446),,,,,,,,,,
POINT (-87.879245 43.061301),,,,,,,,,,
POINT (-88.027316 43.038407),,,,,,,,,,
POINT (-87.976165 43.019538),,,,,,,,,,
POINT (-88.023415 43.0027),,,,,,,,,,
POINT (-90.493043 44.001155),,,,,,,,,,
POINT (-88.404139 44.24814),,,,,,,,,,
POINT (-87.92415 43.25618),,,,,,,,,,
POINT (-87.825225 42.733373),,,,,,,,,,
POINT (-89.007724 42.546767),,,,,,,,,,
POINT (-89.032942 42.686741),,,,,,,,,,
POINT (-88.89743 44.870002),,,,,,,,,,
POINT (-90.354025 45.135644),,,,,,,,,,
POINT (-90.34447 43.648814),,,,,,,,,,
POINT (-88.242951 43.011349),,,,,,,,,,
POINT (-88.453832 44.187957),,,,,,,,,,
POINT (-88.603055 44.013049),C520048-A,520048,Ascension NE Wisconsin - Mercy Campus,500 S OAKWOOD RD,OSHKOSH,54904.0,55139.0,WI,"44.014076,-88.602863",POINT (-88.603055 44.013049)
POINT (-82.428308 38.409533),,,,,,,,,,
POINT (-82.401335 38.431833),,,,,,,,,,
POINT (-81.603015 38.328692),,,,,,,,,,
POINT (-81.630731 38.353137),,,,,,,,,,
POINT (-81.727306 38.356228),,,,,,,,,,
POINT (-79.94639 39.66262),,,,,,,,,,
POINT (-81.560353 39.270284),,,,,,,,,,
POINT (-105.557514 41.311605),,,,,,,,,,
POINT (-105.519557 44.289915),,,,,,,,,,
POINT (-108.486661 42.986852),,,,,,,,,,
POINT (-108.882099 43.005821),,,,,,,,,,
POINT (-104.816525 41.139981),,,,,,,,,,
POINT (-104.812923 41.24177),,,,,,,,,,
POINT (-110.931459 42.717307),C531313-A,531313,Star Valley Health (FKA Star Valley Medical Center),901 ADAMS STREET,AFTON,83110.0,56023.0,WY,"42.717099,-110.930645",POINT (-110.931459 42.717307)
POINT (-106.331942 42.845645),,,,,,,,,,
POINT (-109.073576 44.526071),,,,,,,,,,
POINT (-106.975673 44.807428),,,,,,,,,,
POINT (-109.233578 41.58406),,,,,,,,,,
POINT (-111.010967 41.397407),,,,,,,,,,
POINT (-107.948409 44.013659),,,,,,,,,,
